Level,Name,Option,Coin Address,PopTracker Group,Logic,Easy Skip,Hard Skip,Insane Skip,Misc
Andy's House,Andy's House - Andy's Room - On Chair - Coin,Coinsanity,0x0C7528,Andy's Room,,,,,
Andy's House,Andy's House - Hallway - Plant #1 - Coin,Coinsanity,0x0C7778,Andy's Room,,,,,
Andy's House,Andy's House - Garage - Box near Faucet - Coin,Coinsanity,0x0C7478,Garage,,,,,
Andy's House,Andy's House - Kitchen - Floor near Stove #1 - Coin,Coinsanity,0x0C7718,Kitchen,,,,,
Andy's House,Andy's House - Kitchen - Floor near Stove #2 - Coin,Coinsanity,0x0C7728,Kitchen,,,,,
Andy's House,Andy's House - Kitchen - Floor Puddle #2 - Coin,Coinsanity,0x0C76F8,Kitchen,,,,,
Andy's House,Andy's House - Kitchen - Floor Puddle #1 - Coin,Coinsanity,0x0C7708,Kitchen,,,,,
Andy's House,Andy's House - Basement - Stairs #1 - Coin,Coinsanity,0x0C76E8,Basement,,,,,
Andy's House,Andy's House - Basement - Stairs #2 - Coin,Coinsanity,0x0C76D8,Basement,,,,,
Andy's House,Andy's House - Basement - Stairs #3 - Coin,Coinsanity,0x0C76C8,Basement,,,,,
Andy's House,Andy's House - Basement - Floor Goop #1 - Coin,Coinsanity,0x0C7888,Basement,,,,,
Andy's House,Andy's House - Basement - Floor Goop #2 - Coin,Coinsanity,0x0C7898,Basement,,,,,
Andy's House,Andy's House - Basement - Floor Goop #3 - Coin,Coinsanity,0x0C78A8,Basement,,,,,
Andy's House,Andy's House - Basement - Floor Goop #4 - Coin,Coinsanity,0x0C78B8,Basement,,,,,
Andy's House,Andy's House - Basement - Floor Goop #5 - Coin,Coinsanity,0x0C78C8,Basement,,,,,
Andy's House,Andy's House - Living Room - Reclining Chair - Coin,Coinsanity,0x0C7608,Living Room,Double Jump or Ledge Grab,(always),,,
Andy's House,Andy's House - Living Room - Green Couch #1 - Coin,Coinsanity,0x0C75F8,Living Room,Double Jump or Ledge Grab,(always),,,
Andy's House,Andy's House - Living Room - Green Couch #2 - Coin,Coinsanity,0x0C75E8,Living Room,Double Jump or Ledge Grab,(always),,,
Andy's House,Andy's House - Living Room - Green Couch #3 - Coin,Coinsanity,0x0C75D8,Living Room,Double Jump or Ledge Grab,(always),,,
Andy's House,Andy's House - Garage - Between Saws - Coin,Coinsanity,0x0C7488,Garage,Ledge Grab and Double Jump,(always),,,
Andy's House,Andy's House - Andy's Room - Propeller Zurg Robot - Coin,Coinsanity,0x0C3FBA,Andy's Room,Spin or Laser,,,,
Andy's House,Andy's House - Living Room - Propeller Zurg Robot #1 - Coin,Coinsanity,0x0C3DF2,Living Room,Spin or Laser,,,,
Andy's House,Andy's House - Living Room - Propeller Zurg Robot #2 - Coin,Coinsanity,0x0C3D5A,Living Room,Spin or Laser,,,,
Andy's House,Andy's House - Garage - Propeller Zurg Robot #1 - Coin,Coinsanity,0x0C421A,Garage,Spin or Laser,,,,
Andy's House,Andy's House - Basement - Propeller Zurg Robot - Coin,Coinsanity,0x0C3A62,Basement,Spin or Laser,,,,
Andy's House,Andy's House - Andy's Room - Bouncing Zurg Robot - Coin,Coinsanity,0x0C3F22,Andy's Room,Stomp or Spin or Laser,,,,
Andy's House,Andy's House - Top of Stairs - Bouncing Zurg Robot #1 - Coin,Coinsanity,0x0C3E8A,Andy's Room,Stomp or Spin or Laser,,,,
Andy's House,Andy's House - Kitchen - Bouncing Zurg Robot #1 - Coin,Coinsanity,0x0C363A,Kitchen,Stomp or Spin or Laser,,,,
Andy's House,Andy's House - Basement - Bouncing Zurg Robot #1 - Coin,Coinsanity,0x0C39CA,Basement,Stomp or Spin or Laser,,,,
Andy's House,Andy's House - Garage - Bouncing Zurg Robot #1 - Coin,Coinsanity,0x0C42B2,Garage,Stomp or Spin or Laser,,,,
Andy's House,Andy's House - Garage - Bouncing Zurg Robot #2 - Coin,Coinsanity,0x0C434A,Garage,Stomp or Spin or Laser,,,,
Andy's House,Andy's House - Garage - Bouncing Zurg Robot #3 - Coin,Coinsanity,0x0C376A,Garage,Stomp or Spin or Laser,,,,
Andy's House,Andy's House - Andy's Room - Desk - Coin,Coinsanity,0x0C7538,Andy's Room,Double Jump and Ledge Grab,Double Jump,,,
Andy's House,Andy's House - Andy's Room - Bed - Coin,Coinsanity,0x0C7548,Andy's Room,Double Jump and Ledge Grab and Push,Double Jump,,,
Andy's House,Andy's House - Andy's Room - Dresser - Coin,Coinsanity,0x0C74F8,Andy's Room,Double Jump and Ledge Grab and Push,Double Jump,,,
Andy's House,Andy's House - Andy's Room - Crib #1 - Coin,Coinsanity,0x0C7508,Andy's Room,Double Jump and Ledge Grab and Push and Pole Climb and Rope Sliding and Visor,Double Jump or (Ledge Grab and Pole Climb and Push),,,
Andy's House,Andy's House - Andy's Room - Crib #2 - Coin,Coinsanity,0x0C7518,Andy's Room,Double Jump and Ledge Grab and Push and Pole Climb and Rope Sliding and Visor,Double Jump or (Ledge Grab and Pole Climb and Push),,,
Andy's House,Andy's House - Hallway - Plant #2 - Coin,Coinsanity,0x0C7788,Andy's Room,Double Jump or Ledge Grab or Pole Climb,,,,
Andy's House,Andy's House - Hallway - Table by Rex - Coin,Coinsanity,0x0C7668,Andy's Room,Double Jump or Ledge Grab or Pole Climb,,,,
Andy's House,Andy's House - Hallway - Attic Cord #1 - Coin,Coinsanity,0x0C7798,Andy's Room,Pole Climb,,,,
Andy's House,Andy's House - Hallway - Attic Cord #2 - Coin,Coinsanity,0x0C77A8,Andy's Room,Pole Climb,,,,
Andy's House,Andy's House - Attic - Boss Arena - Coin,Coinsanity,0x0C75C8,Attic,Pole Climb,,,,
Andy's House,Andy's House - Attic - W Boxes #2 - Coin,Coinsanity,0x0C75B8,Attic,Double Jump and Pole Climb and Ledge Grab,,,,
Andy's House,Andy's House - Attic - W Boxes #1 - Coin,Coinsanity,0x0C75A8,Attic,Double Jump and Pole Climb and Ledge Grab,,,,
Andy's House,Andy's House - Attic - N Boxes #1 - Coin,Coinsanity,0x0C7588,Attic,Double Jump and Pole Climb and Ledge Grab,,,,
Andy's House,Andy's House - Attic - N Boxes #2 - Coin,Coinsanity,0x0C7598,Attic,Double Jump and Pole Climb and Ledge Grab,,,,
Andy's House,Andy's House - Attic - Beams near Battery - Coin,Coinsanity,0x0C7578,Attic,Push and Pole Climb and Ledge Grab and (Double Jump or Pole Vault),(Pole Climb and Double Jump and Pole Vault) or (Pole Climb and Double Jump and Ledge Grab),,,
Andy's House,Andy's House - Attic - Beams Left Side - Coin,Coinsanity,0x0C7558,Attic,Push and Pole Climb and Ledge Grab and (Double Jump or Pole Vault),(Pole Climb and Double Jump and Pole Vault) or (Pole Climb and Double Jump and Ledge Grab),,,
Andy's House,Andy's House - Attic - Beams Right side - Coin,Coinsanity,0x0C7568,Attic,Push and Pole Climb and Ledge Grab and (Double Jump or Pole Vault),(Pole Climb and Double Jump and Pole Vault) or (Pole Climb and Double Jump and Ledge Grab),,,
Andy's House,Andy's House - Attic - Bouncing Zurg Robot - Coin,Coinsanity,0x0C3472,Attic,Ledge Grab and Pole Climb and Push and (Double Jump or Pole Vault) and (Laser or Spin or Stomp),((Laser or Spin or Stomp) and (Pole Climb and Double Jump and Pole Vault)) or ((Laser or Spin or Stomp) and (Pole Climb and Double Jump and Ledge Grab)),,,
Andy's House,Andy's House - Living Room - Shelf near Kitchen - Coin,Coinsanity,0x0C7618,Living Room,Double Jump or Pole Climb,Ledge Grab,,,
Andy's House,Andy's House - Living Room - Side Table near Window - Coin,Coinsanity,0x0C7658,Living Room,(Double Jump and Ledge Grab) or (Stomp and (Ledge Grab or Pole Climb or Double Jump)),Stomp,Double Jump and Ledge Grab,,
Andy's House,Andy's House - Living Room - Bouncing Zurg Robot #1 - Coin,Coinsanity,0x0C3C2A,Living Room,((Laser or Spin or Stomp) and Double Jump and Ledge Grab) or (Stomp and (Ledge Grab or Pole Climb or Double Jump)),Stomp,Double Jump and Ledge Grab and (Laser or Spin),,
Andy's House,Andy's House - Living Room - Bouncing Zurg Robot #2 - Coin,Coinsanity,0x0C3CC2,Living Room,Stomp and Double Jump and Ledge Grab,,Double Jump and Ledge Grab and (Laser or Spin),,
Andy's House,Andy's House - Living Room - Corner Bookshelf #1 - Coin,Coinsanity,0x0C7628,Living Room,Stomp and Double Jump and Ledge Grab,,Double Jump and Ledge Grab,,
Andy's House,Andy's House - Living Room - Corner Bookshelf #2 - Coin,Coinsanity,0x0C7638,Living Room,Stomp and Double Jump and Ledge Grab,,Double Jump and Ledge Grab,,
Andy's House,Andy's House - Living Room - Top of Window - Coin,Coinsanity,0x0C7648,Living Room,Stomp and (Double Jump or Ledge Grab or Pole Climb),Stomp,Double Jump and Ledge Grab,,
Andy's House,Andy's House - Garage - Lower Middle Shelf - Coin,Coinsanity,0x0C7828,Garage,Double Jump and Ledge Grab and Pole Climb,Double Jump and Ledge Grab,Double Jump,,
Andy's House,Andy's House - Garage - Between Drills #1 - Coin,Coinsanity,0x0C74B8,Garage,Double Jump and Ledge Grab and Pole Climb,Double Jump and Ledge Grab,Double Jump,,
Andy's House,Andy's House - Garage - Between Drills #2 - Coin,Coinsanity,0x0C74C8,Garage,Double Jump and Ledge Grab and Pole Climb,Double Jump and Ledge Grab,Double Jump,,
Andy's House,Andy's House - Garage - Between Car & Trash Can #1 - Coin,Coinsanity,0x0C7808,Garage,Double Jump and Ledge Grab and Pole Climb,Double Jump and Ledge Grab,Double Jump,,
Andy's House,Andy's House - Garage - Between Car & Trash Can #2 - Coin,Coinsanity,0x0C7818,Garage,Double Jump and Ledge Grab and Pole Climb,Double Jump and Ledge Grab,Double Jump,,
Andy's House,Andy's House - Garage - Top of Car #1 - Coin,Coinsanity,0x0C74D8,Garage,Double Jump and Ledge Grab and Pole Climb,Double Jump and Ledge Grab,Double Jump,,
Andy's House,Andy's House - Garage - Top of Car #2 - Coin,Coinsanity,0x0C74E8,Garage,Double Jump and Ledge Grab and Pole Climb,Double Jump and Ledge Grab,Double Jump,,
Andy's House,Andy's House - Garage - Ceiling Light - Coin,Coinsanity,0x0C7838,Garage,Double Jump and Ledge Grab and Pole Climb,Double Jump and Ledge Grab,Double Jump,,
Andy's House,Andy's House - Garage - High Upper Shelf #1 - Coin,Coinsanity,0x0C7848,Garage,Double Jump and Ledge Grab and Pole Climb,Double Jump and Ledge Grab,Double Jump,,
Andy's House,Andy's House - Garage - High Upper Shelf #2 - Coin,Coinsanity,0x0C7498,Garage,Double Jump and Ledge Grab and Pole Climb,Double Jump and Ledge Grab,Double Jump,,
Andy's House,Andy's House - Garage - High Upper Shelf #3 - Coin,Coinsanity,0x0C74A8,Garage,Double Jump and Ledge Grab and Pole Climb and Pole Vault,Double Jump and Ledge Grab,Double Jump,,
Andy's House,Andy's House - Garage - Bouncing Zurg Robot #4 - Coin,Coinsanity,0x0C3802,Garage,Double Jump and Ledge Grab and Pole Climb and Pole Vault and (Laser or Spin or Stomp),Double Jump and Ledge Grab and (Laser or Spin or Stomp),,,
Andy's House,Andy's House - Garage - Bouncing Zurg Robot #5 - Coin,Coinsanity,0x0C389A,Garage,Double Jump and Ledge Grab and Pole Climb and Pole Vault and (Laser or Spin or Stomp),Double Jump and Ledge Grab and (Laser or Spin or Stomp),,,
Andy's House,Andy's House - Garage - Propeller Zurg Robot #2 - Coin,Coinsanity,0x0C36D2,Garage,Double Jump and Ledge Grab and Pole Climb and Pole Vault and (Laser or Spin),Double Jump and Ledge Grab and (Laser or Spin),,,
Andy's House,Andy's House - Garage - Propeller Zurg Robot #3 - Coin,Coinsanity,0x0C3932,Garage,Double Jump and Ledge Grab and Pole Climb and (Laser or Spin),Double Jump and Ledge Grab and (Laser or Spin),,,
Andy's House,Andy's House - Kitchen - High Chair #1 - Coin,Coinsanity,0x0C77B8,Kitchen,Push and Double Jump and Ledge Grab,Double Jump and (Pole Climb or Ledge Grab),,,
Andy's House,Andy's House - Kitchen - High Chair #2 - Coin,Coinsanity,0x0C77F8,Kitchen,Push and Double Jump and Ledge Grab,Double Jump and (Pole Climb or Ledge Grab),,,
Andy's House,Andy's House - Kitchen - Counter near Microwave #1 - Coin,Coinsanity,0x0C7738,Kitchen,Push and Double Jump and Ledge Grab,Double Jump and (Pole Climb or Ledge Grab),,,
Andy's House,Andy's House - Kitchen - Counter near Microwave #2 - Coin,Coinsanity,0x0C7748,Kitchen,Push and Double Jump and Ledge Grab,Double Jump and (Pole Climb or Ledge Grab),,,
Andy's House,Andy's House - Kitchen - Counter near Jars #1 - Coin,Coinsanity,0x0C7758,Kitchen,Push and Double Jump and Ledge Grab,Double Jump and (Pole Climb or Ledge Grab),,,
Andy's House,Andy's House - Kitchen - Counter near Jars #2 - Coin,Coinsanity,0x0C7768,Kitchen,Push and Double Jump and Ledge Grab,Double Jump and (Pole Climb or Ledge Grab),,,
Andy's House,Andy's House - Kitchen - Top of Fridge - Coin,Coinsanity,0x0C77E8,Kitchen,Push and Double Jump and Ledge Grab,Double Jump and (Pole Climb or Ledge Grab),,,
Andy's House,Andy's House - Kitchen - Top Cabinets #1 - Coin,Coinsanity,0x0C77C8,Kitchen,Push and Double Jump and Ledge Grab,Double Jump and (Pole Climb or Ledge Grab),,,
Andy's House,Andy's House - Kitchen - Top Cabinets #2 - Coin,Coinsanity,0x0C77D8,Kitchen,Push and Double Jump and Ledge Grab,Double Jump and (Pole Climb or Ledge Grab),,,
Andy's House,Andy's House - Kitchen - Bouncing Zurg Robot #2 - Coin,Coinsanity,0x0C350A,Kitchen,Push and Double Jump and Ledge Grab and (Laser or Spin or Stomp),Double Jump and ((Laser or Spin or Stomp) and (Pole Climb or Ledge Grab)),,,
Andy's House,Andy's House - Kitchen - Propeller Zurg Robot - Coin,Coinsanity,0x0C35A2,Kitchen,Push and Double Jump and Ledge Grab and (Laser or Spin),Double Jump and ((Laser or Spin) and (Pole Climb or Ledge Grab)),,,
Andy's House,Andy's House - Basement - Mid-air between Boxes - Coin,Coinsanity,0x0C76B8,Basement,Double Jump and Ledge Grab,Double Jump,,,
Andy's House,Andy's House - Basement - Zipline - Coin,Coinsanity,0x0C7678,Basement,Double Jump and Ledge Grab,,,,
Andy's House,Andy's House - Basement - Bouncing Zurg Robot #2 - Coin,Coinsanity,0x0C3B92,Basement,Double Jump and Ledge Grab and (Laser or Spin or Stomp),,,,
Andy's House,Andy's House - Basement - Bouncing Zurg Robot #3 - Coin,Coinsanity,0x0C3AFA,Basement,Double Jump and Ledge Grab and (Laser or Spin or Stomp),,,,
Andy's House,Andy's House - Basement - 1st Lightbulb Cord - Coin,Coinsanity,0x0C7858,Basement,Double Jump and Ledge Grab,,,,
Andy's House,Andy's House - Basement - 2nd Lightbulb Cord - Coin,Coinsanity,0x0C7868,Basement,Double Jump and Ledge Grab and Pole Climb,,,,
Andy's House,Andy's House - Basement - Top of Boxes near Battery - Coin,Coinsanity,0x0C76A8,Basement,Double Jump and Ledge Grab and Pole Climb,Double Jump and Ledge Grab,Double Jump,,
Andy's House,Andy's House - Basement - 3rd Lightbulb Cord - Coin,Coinsanity,0x0C7878,Basement,Double Jump and Ledge Grab and Pole Climb,,,,
Andy's House,Andy's House - Basement - Shelf near Token #1 - Coin,Coinsanity,0x0C7698,Basement,Double Jump and Ledge Grab and Pole Climb and Push,Double Jump and Ledge Grab and Push,,Double Jump and Ledge Grab,
Andy's House,Andy's House - Basement - Shelf near Token #2 - Coin,Coinsanity,0x0C7688,Basement,Double Jump and Ledge Grab and Pole Climb and Push,Double Jump and Ledge Grab and Push,,Double Jump and Ledge Grab,
Andy's House,Hamm's 50 Coins Token (Andy's House),Base AP,,,Double Jump or Ledge Grab or Pole Climb,(always),,,50 Coins
Andy's House,Missing Toys Token (Andy's House),Base AP,,,Pole Climb or (Double Jump and Ledge Grab),,,,5 Missing Toys
Andy's House,Race Token (Andy's House),Base AP,,,,,,,
Andy's House,Hidden Token (Andy's House),Base AP,,,Double Jump and Ledge Grab and Pole Climb and Push,Double Jump and Ledge Grab and Push,,Double Jump and Ledge Grab,
Andy's House,Boss Token (Andy's House),Base AP,,,Pole Climb and (Laser or Spin),Pole Climb and Stomp,,,
Andy's House,Sheep (Basement),Base AP,,,Double Jump and Ledge Grab and Rope Sliding,Double Jump,,,
Andy's House,Sheep (Living Room),Base AP,,,Stomp and Double Jump and Ledge Grab,,Double Jump and Ledge Grab,,
Andy's House,Sheep (Kitchen),Base AP,,,Push and Double Jump and Ledge Grab,Double Jump and Pole Climb and Push,,,
Andy's House,Sheep (Attic),Base AP,,,Push and Pole Climb and Ledge Grab and (Double Jump or Pole Vault),(Pole Climb and Double Jump and Pole Vault) or (Pole Climb and Double Jump and Ledge Grab),,,
Andy's House,Sheep (Garage),Base AP,,,Ledge Grab and Double Jump and Pole Climb and Pole Vault,Double Jump and Ledge Grab,Double Jump,,
Andy's House,Missing Ear,Base AP,,,Stomp and (Double Jump or Ledge Grab or Pole Climb),Stomp,Double Jump and Ledge Grab,,
Andy's House,Give Potato Head His Ear,Base AP,,,,,,,Missing Ear
Andy's House,Life (Crib) - Andy's House,Lifesanity,,,Double Jump and Ledge Grab and Push and Pole Climb and Rope Sliding and Visor,Double Jump or (Ledge Grab and Pole Climb and Push),,,
Andy's House,Life (Living Room) - Andy's House,Lifesanity,,,Stomp and Double Jump and Ledge Grab,,Double Jump and Ledge Grab,,
Andy's House,Life (Garage) - Andy's House,Lifesanity,,,Double Jump and Ledge Grab and Pole Climb,Double Jump and Ledge Grab,Double Jump,,
Andy's House,Green Laser - Andy's House,Green Laser Sanity,,,Double Jump and Ledge Grab and Pole Climb,Double Jump and Ledge Grab,,,
Andy's House,Battery (Andy's Room) - Andy's House,Batterysanity,,,Double Jump and Ledge Grab and Push and Pole Climb,Double Jump and (Ledge Grab or Pole Climb),,,
Andy's House,Battery (Attic) - Andy's House,Batterysanity,,,Push and Pole Climb and Ledge Grab and (Double Jump or Pole Vault),(Pole Climb and Double Jump and Pole Vault) or (Pole Climb and Double Jump and Ledge Grab),,,
Andy's House,Battery (Basement) - Andy's House,Batterysanity,,,Double Jump and Ledge Grab and Pole Climb,Double Jump and Ledge Grab,Double Jump,,
Andy's House,Battery (Garage) - Andy's House,Batterysanity,,,Ledge Grab and Double Jump and Pole Climb,Double Jump and Ledge Grab,Double Jump,,
Andy's House,Battery (Living Room) - Andy's House,Batterysanity,,,Stomp and (Double Jump or Ledge Grab or Pole Climb),Stomp,Double Jump and Ledge Grab,,
Andy's House,Battery (Handrail) - Andy's House,Batterysanity,,,Double Jump or Pole Climb,Ledge Grab,,,
Andy's House,Talk to Rex - Andy's House,Rexsanity,,,,,,,
Andy's House,Andy's House - Hint Block (Andy's Room Bookshelf),Hint Block Sanity,,,Double Jump and Ledge Grab,Double Jump or Ledge Grab,,,
Andy's House,Andy's House - Hint Block (Andy's Room Bed),Hint Block Sanity,,,Double Jump and Ledge Grab and Push,Double Jump,,,
Andy's House,Andy's House - Hint Block (Andy's Room Dresser Shelf),Hint Block Sanity,,,Double Jump and Ledge Grab and Push and Pole Climb,Double Jump and (Ledge Grab or Pole Climb),,,
Andy's House,Andy's House - Hint Block (Andy's Room Crib),Hint Block Sanity,,,Double Jump and Ledge Grab and Push and Pole Climb and Rope Sliding,Double Jump or (Ledge Grab and Pole Climb and Push),,,
Andy's House,Andy's House - Hint Block (Top of Stairs),Hint Block Sanity,,,,,,,
Andy's House,Andy's House - Hint Block (Attic),Hint Block Sanity,,,Pole Climb,,,,
Andy's House,Andy's House - Hint Block (Bottom of Stairs),Hint Block Sanity,,,,,,,
Andy's House,Andy's House - Hint Block (Top of Garage),Hint Block Sanity,,,Ledge Grab and Double Jump and Pole Climb,Double Jump and Ledge Grab,Double Jump,,
Andy's House,Andy's House - Hint Block (Living Room Recliner),Hint Block Sanity,,,Double Jump or Ledge Grab or Pole Climb,(always),,,
Andy's Neighborhood,Andy's Neighborhood - Lawnmower Yard - In Yard #1 - Coin,Coinsanity,0x0C7628,Lawnmower Yard,,,,,
Andy's Neighborhood,Andy's Neighborhood - Lawnmower Yard - In Yard #2 - Coin,Coinsanity,0x0C7638,Lawnmower Yard,,,,,
Andy's Neighborhood,Andy's Neighborhood - Lawnmower Yard - In Yard #3 - Coin,Coinsanity,0x0C7658,Lawnmower Yard,,,,,
Andy's Neighborhood,Andy's Neighborhood - Lawnmower Yard - In Yard #4 - Coin,Coinsanity,0x0C7648,Lawnmower Yard,,,,,
Andy's Neighborhood,Andy's Neighborhood - Lawnmower Yard - In Yard #5 - Coin,Coinsanity,0x0C7618,Lawnmower Yard,,,,,
Andy's Neighborhood,Andy's Neighborhood - Lawnmower Yard - Exit #1 - Coin,Coinsanity,0x0C7608,Lawnmower Yard,,,,,
Andy's Neighborhood,Andy's Neighborhood - Lawnmower Yard - Exit #2 - Coin,Coinsanity,0x0C75F8,Lawnmower Yard,,,,,
Andy's Neighborhood,Andy's Neighborhood - Lawnmower Yard - Exit #3 - Coin,Coinsanity,0x0C75E8,Lawnmower Yard,,,,,
Andy's Neighborhood,Andy's Neighborhood - Central Hub - Racetrack #1 - Coin,Coinsanity,0x0C7688,Central Hub,,,,,
Andy's Neighborhood,Andy's Neighborhood - Central Hub - Racetrack #2 - Coin,Coinsanity,0x0C7678,Central Hub,,,,,
Andy's Neighborhood,Andy's Neighborhood - Central Hub - Racetrack #3 - Coin,Coinsanity,0x0C7668,Central Hub,,,,,
Andy's Neighborhood,Andy's Neighborhood - Central Hub - Racetrack #4 - Coin,Coinsanity,0x0C7718,Central Hub,,,,,
Andy's Neighborhood,Andy's Neighborhood - Central Hub - Racetrack #5 - Coin,Coinsanity,0x0C7708,Central Hub,,,,,
Andy's Neighborhood,Andy's Neighborhood - Central Hub - Racetrack #6 - Coin,Coinsanity,0x0C76F8,Central Hub,,,,,
Andy's Neighborhood,Andy's Neighborhood - Central Hub - Racetrack #7 - Coin,Coinsanity,0x0C76E8,Central Hub,,,,,
Andy's Neighborhood,Andy's Neighborhood - Central Hub - Racetrack #8 - Coin,Coinsanity,0x0C76D8,Central Hub,,,,,
Andy's Neighborhood,Andy's Neighborhood - Central Hub - Racetrack #9 - Coin,Coinsanity,0x0C76C8,Central Hub,,,,,
Andy's Neighborhood,Andy's Neighborhood - Central Hub - Racetrack #10 - Coin,Coinsanity,0x0C76B8,Central Hub,,,,,
Andy's Neighborhood,Andy's Neighborhood - Central Hub - Racetrack #11 - Coin,Coinsanity,0x0C76A8,Central Hub,,,,,
Andy's Neighborhood,Andy's Neighborhood - Central Hub - Racetrack #12 - Coin,Coinsanity,0x0C7698,Central Hub,,,,,
Andy's Neighborhood,Andy's Neighborhood - Central Hub - Below High Swing - Coin,Coinsanity,0x0C7848,Central Hub,,,,,
Andy's Neighborhood,Andy's Neighborhood - Central Hub - Below Low Swing - Coin,Coinsanity,0x0C7838,Central Hub,,,,,
Andy's Neighborhood,Andy's Neighborhood - Car Yard - Entry #1 - Coin,Coinsanity,0x0C7728,Car Yard,,,,,
Andy's Neighborhood,Andy's Neighborhood - Car Yard - Entry #2 - Coin,Coinsanity,0x0C7738,Car Yard,,,,,
Andy's Neighborhood,Andy's Neighborhood - Car Yard - Entry #3 - Coin,Coinsanity,0x0C7748,Car Yard,,,,,
Andy's Neighborhood,Andy's Neighborhood - Car Yard - Right Car Lift - Coin,Coinsanity,0x0C7758,Car Yard,,,,,
Andy's Neighborhood,Andy's Neighborhood - Car Yard - Left Car Lift - Coin,Coinsanity,0x0C7768,Car Yard,,,,,
Andy's Neighborhood,Andy's Neighborhood - Car Yard - By Door - Coin,Coinsanity,0x0C7808,Car Yard,,,,,
Andy's Neighborhood,Andy's Neighborhood - Pool Yard - Entry #1 - Coin,Coinsanity,0x0C75D8,Pool Yard,,,,,
Andy's Neighborhood,Andy's Neighborhood - Pool Yard - Entry #2 - Coin,Coinsanity,0x0C75C8,Pool Yard,,,,,
Andy's Neighborhood,Andy's Neighborhood - Pool Yard - Entry #3 - Coin,Coinsanity,0x0C75B8,Pool Yard,,,,,
Andy's Neighborhood,Andy's Neighborhood - Pool Yard - Pool Surface #2 - Coin,Coinsanity,0x0C74C8,Pool Yard,,,,,
Andy's Neighborhood,Andy's Neighborhood - Pool Yard - Pool Surface #3 - Coin,Coinsanity,0x0C74D8,Pool Yard,,,,,
Andy's Neighborhood,Andy's Neighborhood - Central Hub - Propeller Zurg Robot #1 - Coin,Coinsanity,0x0C3A62,Central Hub,Laser or Spin,,,,
Andy's Neighborhood,Andy's Neighborhood - Central Hub - Propeller Zurg Robot #2 - Coin,Coinsanity,0x0C389A,Central Hub,Laser or Spin,,,,
Andy's Neighborhood,Andy's Neighborhood - Pool Yard - Propeller Zurg Robot #1 - Coin,Coinsanity,0x0C35A2,Pool Yard,Laser or Spin,,,,
Andy's Neighborhood,Andy's Neighborhood - Pool Yard - Propeller Zurg Robot #2 - Coin,Coinsanity,0x0C33DA,Pool Yard,Laser or Spin,,,,
Andy's Neighborhood,Andy's Neighborhood - Central Hub - Bouncing Zurg Robot #1 - Coin,Coinsanity,0x0C3932,Central Hub,Laser or Spin or Stomp,,,,
Andy's Neighborhood,Andy's Neighborhood - Central Hub - Zurg Car #1 - Coin,Coinsanity,0x0C39CA,Central Hub,Laser or Spin or Stomp,,,,
Andy's Neighborhood,Andy's Neighborhood - Central Hub - Zurg Car #2 - Coin,Coinsanity,0x0C376A,Central Hub,Laser or Spin or Stomp,,,,
Andy's Neighborhood,Andy's Neighborhood - Central Hub - Zurg Car #3 - Coin,Coinsanity,0x0C363A,Central Hub,Laser or Spin or Stomp,,,,
Andy's Neighborhood,Andy's Neighborhood - Central Hub - Zurg Car #4 - Coin,Coinsanity,0x0C3342,Central Hub,Laser or Spin or Stomp,,,,
Andy's Neighborhood,Andy's Neighborhood - Central Hub - Zurg Car #5 - Coin,Coinsanity,0x0C36D2,Central Hub,Laser or Spin or Stomp,,,,
Andy's Neighborhood,Andy's Neighborhood - Central Hub - Bouncing Zurg Robot #2 - Coin,Coinsanity,0x0C3C2A,Central Hub,Laser or Spin or Stomp,,,,
Andy's Neighborhood,Andy's Neighborhood - Car Yard - Zurg Car #1 - Coin,Coinsanity,0x0C3B92,Car Yard,Laser or Spin or Stomp,,,,
Andy's Neighborhood,Andy's Neighborhood - Car Yard - Zurg Car #2 - Coin,Coinsanity,0x0C3AFA,Car Yard,Laser or Spin or Stomp,,,,
Andy's Neighborhood,Andy's Neighborhood - Car Yard - Car Hood #1 - Coin,Coinsanity,0x0C77C8,Car Yard,Stomp and (Ledge Grab or Double Jump),,,,
Andy's Neighborhood,Andy's Neighborhood - Car Yard - Car Hood #2 - Coin,Coinsanity,0x0C77B8,Car Yard,Stomp and (Ledge Grab or Double Jump),,,,
Andy's Neighborhood,Andy's Neighborhood - Car Yard - Top of Car #1 - Coin,Coinsanity,0x0C77A8,Car Yard,Stomp and (Ledge Grab or Double Jump),,,,
Andy's Neighborhood,Andy's Neighborhood - Car Yard - Top of Car #2 - Coin,Coinsanity,0x0C7798,Car Yard,Stomp and (Ledge Grab or Double Jump),,,,
Andy's Neighborhood,Andy's Neighborhood - Car Yard - Top of Car #3 - Coin,Coinsanity,0x0C7788,Car Yard,Stomp and (Ledge Grab or Double Jump),,,,
Andy's Neighborhood,Andy's Neighborhood - Car Yard - Car Trunk - Coin,Coinsanity,0x0C7778,Car Yard,Stomp and (Ledge Grab or Double Jump),,,,
Andy's Neighborhood,Andy's Neighborhood - Car Yard - In Washing Machine - Coin,Coinsanity,0x0C77D8,Car Yard,Stomp and (Ledge Grab or Double Jump),Double Jump and Ledge Grab,,,
Andy's Neighborhood,Andy's Neighborhood - Car Yard - Above Washing Machine - Coin,Coinsanity,0x0C77E8,Car Yard,Stomp and (Ledge Grab or Double Jump),Double Jump and Ledge Grab,,,
Andy's Neighborhood,Andy's Neighborhood - Car Yard - Cinderblocks - Coin,Coinsanity,0x0C7818,Car Yard,Stomp and Ledge Grab and Push,Double Jump and Ledge Grab,(always),,
Andy's Neighborhood,Andy's Neighborhood - Car Yard - Trash Can - Coin,Coinsanity,0x0C77F8,Car Yard,Stomp and Double Jump and Ledge Grab,Ledge Grab,,,
Andy's Neighborhood,Andy's Neighborhood - Pool Yard - Armchair Seat - Coin,Coinsanity,0x0C7478,Pool Yard,Double Jump,,,,
Andy's Neighborhood,Andy's Neighborhood - Pool Yard - Armchair Arm - Coin,Coinsanity,0x0C7488,Pool Yard,Double Jump,,,,
Andy's Neighborhood,Andy's Neighborhood - Pool Yard - NW Plant Stem - Coin,Coinsanity,0x0C7498,Pool Yard,Double Jump,,,,
Andy's Neighborhood,Andy's Neighborhood - Pool Yard - Top of NW Plant - Coin,Coinsanity,0x0C74A8,Pool Yard,Double Jump and Pole Climb,,,,
Andy's Neighborhood,Andy's Neighborhood - Pool Yard - Bouncing Zurg Robot #1 - Coin,Coinsanity,0x0C350A,Pool Yard,Double Jump and Pole Climb and (Laser or Spin or Stomp),,,,
Andy's Neighborhood,Andy's Neighborhood - Pool Yard - NE Plant Stem - Coin,Coinsanity,0x0C74F8,Pool Yard,Double Jump and Pole Climb,,,,
Andy's Neighborhood,Andy's Neighborhood - Pool Yard - Top of NE Plant - Coin,Coinsanity,0x0C7508,Pool Yard,Double Jump and Pole Climb,,,,
Andy's Neighborhood,Andy's Neighborhood - Pool Yard - Bouncing Zurg Robot #2 - Coin,Coinsanity,0x0C3472,Pool Yard,Double Jump and Pole Climb and (Laser or Spin or Stomp),,,,
Andy's Neighborhood,Andy's Neighborhood - Pool Yard - Stone Column - Coin,Coinsanity,0x0C7518,Pool Yard,Double Jump and Pole Climb,,,,
Andy's Neighborhood,Andy's Neighborhood - Pool Yard - SE Plant Stem - Coin,Coinsanity,0x0C7528,Pool Yard,Double Jump and Pole Climb,,,,
Andy's Neighborhood,Andy's Neighborhood - Pool Yard - Top of SE Plant - Coin,Coinsanity,0x0C7538,Pool Yard,Double Jump and Pole Climb,,,,
Andy's Neighborhood,Andy's Neighborhood - Pool Yard - Jump to Flagpoles - Coin,Coinsanity,0x0C7548,Pool Yard,Double Jump and Pole Climb,,,,
Andy's Neighborhood,Andy's Neighborhood - Pool Yard - 1st Flagpole - Coin,Coinsanity,0x0C7558,Pool Yard,Double Jump and Pole Climb,,,,
Andy's Neighborhood,Andy's Neighborhood - Pool Yard - 2nd Flagpole - Coin,Coinsanity,0x0C7568,Pool Yard,Double Jump and Pole Climb and Pole Vault,,,,
Andy's Neighborhood,Andy's Neighborhood - Pool Yard - 3rd Flagpole - Coin,Coinsanity,0x0C7578,Pool Yard,Double Jump and Pole Climb and Pole Vault,,Double Jump and Pole Climb and Ledge Grab,,
Andy's Neighborhood,Andy's Neighborhood - Pool Yard - Jump from Flagpoles - Coin,Coinsanity,0x0C7588,Pool Yard,Double Jump and Pole Climb and Pole Vault,,Double Jump and Pole Climb and Ledge Grab,,
Andy's Neighborhood,Andy's Neighborhood - Pool Yard - Giant Vase - Coin,Coinsanity,0x0C7598,Pool Yard,Double Jump and Pole Climb and Pole Vault,,Double Jump and Pole Climb and Ledge Grab,,
Andy's Neighborhood,Andy's Neighborhood - Pool Yard - Top of SW Plant - Coin,Coinsanity,0x0C75A8,Pool Yard,Double Jump and Pole Climb and Pole Vault,,Double Jump and Pole Climb and Ledge Grab,,
Andy's Neighborhood,Andy's Neighborhood - Pool Yard - Pool Surface #1 - Coin,Coinsanity,0x0C74B8,Pool Yard,Double Jump or Rocket Boots,,,,
Andy's Neighborhood,Andy's Neighborhood - Pool Yard - Pool Surface #4 - Coin,Coinsanity,0x0C74E8,Pool Yard,Double Jump or Rocket Boots,,,,
Andy's Neighborhood,Andy's Neighborhood - Central Hub - On Low Swing - Coin,Coinsanity,0x0C7828,Central Hub,Ledge Grab and Double Jump,,,,
Andy's Neighborhood,Andy's Neighborhood - Central Hub - On High Swing - Coin,Coinsanity,0x0C7858,Central Hub,Ledge Grab and Double Jump,,,,
Andy's Neighborhood,Andy's Neighborhood - Tree - Tire Swing Rope #1 - Coin,Coinsanity,0x0C7868,Tree,Ledge Grab and Double Jump,,,,
Andy's Neighborhood,Andy's Neighborhood - Tree - Tire Swing Rope #2 - Coin,Coinsanity,0x0C7878,Tree,Double Jump and Ledge Grab and Pole Climb,,,,
Andy's Neighborhood,Andy's Neighborhood - Tree - Tire Swing Rope #3 - Coin,Coinsanity,0x0C7888,Tree,Double Jump and Ledge Grab and Pole Climb,,,,
Andy's Neighborhood,Andy's Neighborhood - Tree - Above Hamm - Coin,Coinsanity,0x0C7898,Tree,Double Jump and Ledge Grab and Pole Climb,,,,
Andy's Neighborhood,Andy's Neighborhood - Tree - Branches before Low Seesaw #1 - Coin,Coinsanity,0x0C78A8,Tree,Double Jump and Ledge Grab and Pole Climb,,,,
Andy's Neighborhood,Andy's Neighborhood - Tree - Branches before Low Seesaw #2 - Coin,Coinsanity,0x0C78B8,Tree,Double Jump and Ledge Grab and Pole Climb,,,,
Andy's Neighborhood,Andy's Neighborhood - Tree - Branches before Low Seesaw #3 - Coin,Coinsanity,0x0C78C8,Tree,Double Jump and Ledge Grab and Pole Climb,,,,
Andy's Neighborhood,Andy's Neighborhood - Tree - Jump from Low Seesaw - Coin,Coinsanity,0x0C78D8,Tree,Double Jump and Ledge Grab and Pole Climb,,,,
Andy's Neighborhood,Andy's Neighborhood - Tree - Branches after Low Seesaw #1 - Coin,Coinsanity,0x0C78E8,Tree,Double Jump and Ledge Grab and Pole Climb,,,,
Andy's Neighborhood,Andy's Neighborhood - Tree - Branches after Low Seesaw #2 - Coin,Coinsanity,0x0C7908,Tree,Double Jump and Ledge Grab and Pole Climb,,,,
Andy's Neighborhood,Andy's Neighborhood - Tree - Shortcut Rope - Coin,Coinsanity,0x0C78F8,Tree,Double Jump and Ledge Grab and Pole Climb,,,,
Andy's Neighborhood,Andy's Neighborhood - Tree - Bouncing Zurg Robot #1 - Coin,Coinsanity,0x0C3CC2,Tree,Double Jump and Ledge Grab and Pole Climb and (Laser or Spin or Stomp),,,,
Andy's Neighborhood,Andy's Neighborhood - Tree - Propeller Zurg Robot #1 - Coin,Coinsanity,0x0C3D5A,Tree,Double Jump and Ledge Grab and Pole Climb and (Laser or Spin),,,,
Andy's Neighborhood,Andy's Neighborhood - Tree - Branches after Low Pole Vault #1 - Coin,Coinsanity,0x0C7938,Tree,Double Jump and Pole Climb and Ledge Grab,,,,
Andy's Neighborhood,Andy's Neighborhood - Tree - Branches after Low Pole Vault #2 - Coin,Coinsanity,0x0C7948,Tree,Double Jump and Pole Climb and Ledge Grab,,,,
Andy's Neighborhood,Andy's Neighborhood - Tree - Jump from High Seesaw - Coin,Coinsanity,0x0C7928,Tree,Double Jump and Pole Climb and Ledge Grab,,,,
Andy's Neighborhood,Andy's Neighborhood - Tree - Branches after High Pole Vault #1 - Coin,Coinsanity,0x0C7918,Tree,Double Jump and Ledge Grab and Pole Climb and Pole Vault,,Double Jump and Ledge Grab and Pole Climb,,
Andy's Neighborhood,Andy's Neighborhood - Tree - Propeller Zurg Robot #2 - Coin,Coinsanity,0x0C3E54,Tree,Double Jump and Ledge Grab and Pole Climb and Pole Vault and (Laser or Spin),,Double Jump and Ledge Grab and Pole Climb and (Laser or Spin),,
Andy's Neighborhood,Andy's Neighborhood - Tree - Branches after High Pole Vault #2 - Coin,Coinsanity,0x0C7958,Tree,Double Jump and Ledge Grab and Pole Climb and Pole Vault,,Double Jump and Ledge Grab and Pole Climb,,
Andy's Neighborhood,Andy's Neighborhood - Tree - Branches after High Pole Vault #3 - Coin,Coinsanity,0x0C7968,Tree,Double Jump and Ledge Grab and Pole Climb and Pole Vault,,Double Jump and Ledge Grab and Pole Climb,,
Andy's Neighborhood,Andy's Neighborhood - Tree - Boss Arena - Coin,Coinsanity,0x0C7978,Tree,Double Jump and Ledge Grab and Pole Climb and Pole Vault,,Double Jump and Ledge Grab and Pole Climb,,
Andy's Neighborhood,Hamm's 50 Coins Token - Andy's Neighborhood,Base AP,,,Double Jump and Ledge Grab and Pole Climb,,,,50 Coins
Andy's Neighborhood,Missing Toys Token - Andy's Neighborhood,Base AP,,,,,,,5 Missing Toys
Andy's Neighborhood,Race Token - Andy's Neighborhood,Base AP,,,Rocket Boots,,(always),,
Andy's Neighborhood,Hidden Token - Andy's Neighborhood,Base AP,,,Stomp and Double Jump,Stomp and Ledge Grab,Double Jump and Pole Climb and Ledge Grab,Rocket Boots and Double Jump,
Andy's Neighborhood,Boss Token - Andy's Neighborhood,Base AP,,,Double Jump and Ledge Grab and Pole Climb and Pole Vault and Laser,,Double Jump and Ledge Grab and Pole Climb and Laser,,
Andy's Neighborhood,Soldier (Molehill) - Andy's Neighborhood,Base AP,,,Stomp,,,,
Andy's Neighborhood,Soldier (Clothes Line) - Andy's Neighborhood,Base AP,,,Stomp and Ledge Grab and Push and Rope Sliding,Double Jump and Ledge Grab and Rope Sliding,Double Jump and Rope Sliding,,
Andy's Neighborhood,Soldier (Swing) - Andy's Neighborhood,Base AP,,,Double Jump and Ledge Grab,,,,
Andy's Neighborhood,Soldier (Pool Plant) - Andy's Neighborhood,Base AP,,,Double Jump and Pole Climb and Pole Vault,,Double Jump and Pole Climb and Ledge Grab,,
Andy's Neighborhood,Soldier (Tree) - Andy's Neighborhood,Base AP,,,Double Jump and Ledge Grab and Pole Climb,,,,
Andy's Neighborhood,Life (Top of Swing) - Andy's Neighborhood,Lifesanity,,,Double Jump and Ledge Grab,,,,
Andy's Neighborhood,Green Laser - Andy's Neighborhood,Green Laser Sanity,,,,,,,
Andy's Neighborhood,Battery (Lawnmower Yard) - Andy's Neighborhood,Batterysanity,,,,,,,
Andy's Neighborhood,Battery (Washing Machine) - Andy's Neighborhood,Batterysanity,,,Stomp and (Ledge Grab or Double Jump),Double Jump and Ledge Grab,,,
Andy's Neighborhood,Battery (Pool Yard) - Andy's Neighborhood,Batterysanity,,,Double Jump and Pole Climb,,,,
Andy's Neighborhood,Battery (Swing) - Andy's Neighborhood,Batterysanity,,,Double Jump and Ledge Grab,,,,
Andy's Neighborhood,Battery (Top of Tree) - Andy's Neighborhood,Batterysanity,,,Double Jump and Ledge Grab and Pole Climb and Pole Vault,,Double Jump and Ledge Grab and Pole Climb,,
Andy's Neighborhood,Talk to Rex - Andy's Neighborhood,Rexsanity,,,,,,,
Andy's Neighborhood,Andy's Neighborhood - Hint Block (Lawnmower Yard),Hint Block Sanity,,,,,,,
Construction Yard,Construction Yard - SW Area - Floor Near Hamm #1 - Coin,Coinsanity,0x0C75E8,Ground Floor,,,,,
Construction Yard,Construction Yard - SW Area - Floor Near Hamm #2 - Coin,Coinsanity,0x0C74D8,Ground Floor,,,,,
Construction Yard,Construction Yard - SW Area - Fence Corner - Coin,Coinsanity,0x0C7788,Ground Floor,,,,,
Construction Yard,Construction Yard - Construction Base - SW Corner - Coin,Coinsanity,0x0C74E8,Ground Floor,,,,,
Construction Yard,Construction Yard - Construction Base - NW Corner - Coin,Coinsanity,0x0C7768,Ground Floor,,,,,
Construction Yard,Construction Yard - Construction Base - North Side - Coin,Coinsanity,0x0C7578,Ground Floor,,,,,
Construction Yard,Construction Yard - Construction Base - Far from NE - Coin,Coinsanity,0x0C7588,Ground Floor,,,,,
Construction Yard,Construction Yard - Bulldozer - Front Left Tire - Coin,Coinsanity,0x0C7718,Ground Floor,,,,,
Construction Yard,Construction Yard - Bulldozer - Floor to the Right - Coin,Coinsanity,0x0C76E8,Ground Floor,,,,,
Construction Yard,Construction Yard - Bulldozer - Underneath #1 - Coin,Coinsanity,0x0C76F8,Ground Floor,,,,,
Construction Yard,Construction Yard - Bulldozer - Underneath #2 - Coin,Coinsanity,0x0C7708,Ground Floor,,,,,
Construction Yard,Construction Yard - Outside Office - Bottom of Ramp - Coin,Coinsanity,0x0C74C8,Ground Floor,,,,,
Construction Yard,Construction Yard - Outside Office - Under Ramp - Coin,Coinsanity,0x0C76D8,Ground Floor,,,,,
Construction Yard,Construction Yard - Outside Office - SW Corner - Coin,Coinsanity,0x0C77A8,Ground Floor,,,,,
Construction Yard,Construction Yard - Outside Office - SE Corner - Coin,Coinsanity,0x0C77B8,Ground Floor,,,,,
Construction Yard,Construction Yard - Outside Office - NE Corner - Coin,Coinsanity,0x0C7498,Ground Floor,,,,,
Construction Yard,Construction Yard - Outside Office - North Side - Coin,Coinsanity,0x0C7488,Ground Floor,,,,,
Construction Yard,Construction Yard - Outside Office - Toolbox - Coin,Coinsanity,0x0C7648,Ground Floor,,,,,
Construction Yard,Construction Yard - Outside Office - Middle of Ramp - Coin,Coinsanity,0x0C74B8,Ground Floor,,,,,
Construction Yard,Construction Yard - Outside Office - Top of Ramp - Coin,Coinsanity,0x0C7778,Ground Floor,,,,,
Construction Yard,Construction Yard - NE Area - Between Puddle & Bulldozer - Coin,Coinsanity,0x0C7478,Ground Floor,,,,,
Construction Yard,Construction Yard - NE Area - Between Sand & Fence - Coin,Coinsanity,0x0C75F8,Ground Floor,,,,,
Construction Yard,Construction Yard - NE Area - North of Puddle - Coin,Coinsanity,0x0C75A8,Ground Floor,,,,,
Construction Yard,Construction Yard - Inside Office - Floor #1 - Coin,Coinsanity,0x0C76C8,Office,,,,,
Construction Yard,Construction Yard - Inside Office - Floor #2 - Coin,Coinsanity,0x0C7678,Office,,,,,
Construction Yard,Construction Yard - Inside Office - Floor #3 - Coin,Coinsanity,0x0C7668,Office,,,,,
Construction Yard,Construction Yard - Inside Office - Floor #4 - Coin,Coinsanity,0x0C76B8,Office,,,,,
Construction Yard,Construction Yard - Inside Office - Bucket of Poison - Coin,Coinsanity,0x0C7688,Office,,,,,
Construction Yard,Construction Yard - Ground Floor - Floating Zurg Robot #1 - Coin,Coinsanity,0x0C32AA,Ground Floor,Laser or Spin or Disc Launcher,,,,
Construction Yard,Construction Yard - SW Area - Air Near Construction - Coin,Coinsanity,0x0C7798,Ground Floor,,,,,
Construction Yard,Construction Yard - Ground Floor - Floating Zurg Robot #2 - Coin,Coinsanity,0x0C3342,Ground Floor,Laser or Spin or Disc Launcher,,,,
Construction Yard,Construction Yard - SW Area - Pallet - Coin,Coinsanity,0x0C7658,Ground Floor,,,,,
Construction Yard,Construction Yard - Ground Floor - Zurg Car #1 - Coin,Coinsanity,0x0C3F22,Ground Floor,Laser or Spin or Stomp or Disc Launcher,,,,
Construction Yard,Construction Yard - Ground Floor - Zurg Car #2 - Coin,Coinsanity,0x0C2F1A,Ground Floor,Laser or Spin or Stomp or Disc Launcher,,,,
Construction Yard,Construction Yard - Ground Floor - Bouncing Zurg Robot #1 - Coin,Coinsanity,0x0C35A2,Ground Floor,Laser or Spin or Stomp or Disc Launcher,,,,
Construction Yard,Construction Yard - Ground Floor - Bouncing Zurg Robot #2 - Coin,Coinsanity,0x0C3CC2,Ground Floor,Laser or Spin or Stomp or Disc Launcher,,,,
Construction Yard,Construction Yard - Ground Floor - Bouncing Zurg Robot #3 - Coin,Coinsanity,0x0C350A,Ground Floor,Laser or Spin or Stomp or Disc Launcher,,,,
Construction Yard,Construction Yard - Ground Floor - Bouncing Zurg Robot #4 - Coin,Coinsanity,0x0C3472,Ground Floor,Laser or Spin or Stomp or Disc Launcher,,,,
Construction Yard,Construction Yard - Ground Floor - Bouncing Zurg Robot #5 - Coin,Coinsanity,0x0C376A,Ground Floor,Laser or Spin or Stomp or Disc Launcher,,,,
Construction Yard,Construction Yard - Ground Floor - Bouncing Zurg Robot #6 - Coin,Coinsanity,0x0C33DA,Ground Floor,Laser or Spin or Stomp or Disc Launcher,,,,
Construction Yard,Construction Yard - Inside Office - Bouncing Zurg Robot #1 - Coin,Coinsanity,0x0C363A,Office,Laser or Spin or Stomp or Disc Launcher,,,,
Construction Yard,Construction Yard - Inside Office - Desk - Coin,Coinsanity,0x0C7698,Office,Double Jump and Ledge Grab,,,,
Construction Yard,Construction Yard - Inside Office - Bouncing Zurg Robot #2 - Coin,Coinsanity,0x0C36D2,Office,Double Jump and Ledge Grab and (Laser or Spin or Stomp or Disc Launcher),,,,
Construction Yard,Construction Yard - Inside Office - Paint Table - Coin,Coinsanity,0x0C76A8,Office,Double Jump and Ledge Grab and Pole Climb,Double Jump and Ledge Grab,,,
Construction Yard,Construction Yard - SW Area - Above Cinderblock - Coin,Coinsanity,0x0C7608,Ground Floor,Double Jump,,,,
Construction Yard,Construction Yard - Bulldozer - 1st Step - Coin,Coinsanity,0x0C7618,Bulldozer,Double Jump,,,,
Construction Yard,Construction Yard - Bulldozer - 2nd Step - Coin,Coinsanity,0x0C7628,Bulldozer,Double Jump,,,,
Construction Yard,Construction Yard - Bulldozer - 3rd Step - Coin,Coinsanity,0x0C7638,Bulldozer,Double Jump,,,,
Construction Yard,Construction Yard - Cement Pool - Floating Zurg Robot #1 - Coin,Coinsanity,0x0C4052,Cement Pool,Ledge Grab and (Double Jump and (Laser or Disc Launcher)),Laser or Disc Launcher,,,
Construction Yard,Construction Yard - Cement Pool - Floating Zurg Robot #2 - Coin,Coinsanity,0x0C3FBA,Cement Pool,Ledge Grab and (Double Jump and (Laser or Disc Launcher)),Laser or Disc Launcher,,,
Construction Yard,Construction Yard - Bulldozer - Lift Right Side - Coin,Coinsanity,0x0C7598,Bulldozer,Stomp and Double Jump and Ledge Grab,Double Jump,,,
Construction Yard,Construction Yard - Floor 1 - NE - Coin,Coinsanity,0x0C7568,Floor 1,Stomp and Double Jump and Ledge Grab,Double Jump,,,
Construction Yard,Construction Yard - Floor 1 - SE - Coin,Coinsanity,0x0C7558,Floor 1,Stomp and Double Jump and Ledge Grab,Double Jump,,,
Construction Yard,Construction Yard - Floor 1 - Between Crushers - Coin,Coinsanity,0x0C7728,Floor 1,Stomp and Double Jump and Ledge Grab,Double Jump,,,
Construction Yard,Construction Yard - Floor 1 - SW - Coin,Coinsanity,0x0C7738,Floor 1,Stomp and Double Jump and Ledge Grab,Double Jump,,,
Construction Yard,Construction Yard - Floor 1 - NW - Coin,Coinsanity,0x0C7758,Floor 1,Stomp and Double Jump and Ledge Grab,Double Jump,,,
Construction Yard,Construction Yard - Floor 1 - Leap of Faith - Coin,Coinsanity,0x0C7748,Floor 1,Stomp and Double Jump and Ledge Grab,Double Jump,,,
Construction Yard,Construction Yard - Floor 2 - Floating Zurg Robot - Coin,Coinsanity,0x0C2FB2,Floor 2,Double Jump and Ledge Grab and Stomp and (Laser or Spin or Disc Launcher),Double Jump and (Laser or Spin or Disc Launcher),,,
Construction Yard,Construction Yard - Floor 2 - SW - Coin,Coinsanity,0x0C74F8,Floor 2,Stomp and Double Jump and Ledge Grab,Double Jump,,,
Construction Yard,Construction Yard - Floor 2 - West Side - Coin,Coinsanity,0x0C7508,Floor 2,Stomp and Double Jump and Ledge Grab,Double Jump,,,
Construction Yard,Construction Yard - Floor 3 - South Side #1 - Coin,Coinsanity,0x0C75D8,Floor 3,Stomp and Double Jump and Ledge Grab,Double Jump,,,
Construction Yard,Construction Yard - Floor 3 - South Side #2 - Coin,Coinsanity,0x0C75C8,Floor 3,Stomp and Double Jump and Ledge Grab,Double Jump,,,
Construction Yard,Construction Yard - Floor 3 - North Chains - Coin,Coinsanity,0x0C75B8,Floor 3,Stomp and Double Jump and Ledge Grab and Pole Climb,Double Jump,,,
Construction Yard,Construction Yard - Floor 3 - By Ear - Coin,Coinsanity,0x0C7518,Floor 3,Stomp and Double Jump and Ledge Grab and Pole Climb,Double Jump,,,
Construction Yard,Construction Yard - Floor 3 - Floating Zurg Robot #1 - Coin,Coinsanity,0x0C304A,Floor 3,Double Jump and Ledge Grab and Pole Climb and Stomp and (Laser or Spin or Disc Launcher),Double Jump and (Laser or Spin or Disc Launcher),,,
Construction Yard,Construction Yard - Floor 3 - Floating Zurg Robot #2 - Coin,Coinsanity,0x0C30E2,Floor 3,Double Jump and Ledge Grab and Pole Climb and Stomp and ((Laser and Visor) or Disc Launcher),Double Jump and ((Laser and Visor) or Disc Launcher),,,
Construction Yard,Construction Yard - Floor 3 - Floating Zurg Robot #3 - Coin,Coinsanity,0x0C317A,Floor 3,Double Jump and Ledge Grab and Pole Climb and Stomp and ((Laser and Visor) or Disc Launcher),Double Jump and ((Laser and Visor) or Disc Launcher),,,
Construction Yard,Construction Yard - Floor 3 - NE High Up - Coin,Coinsanity,0x0C7528,Floor 3,Stomp and Double Jump and Ledge Grab and Pole Climb,Double Jump,,,
Construction Yard,Construction Yard - Floor 3 - Center High Up - Coin,Coinsanity,0x0C7538,Floor 3,Stomp and Double Jump and Ledge Grab and Pole Climb,Double Jump,,,
Construction Yard,Construction Yard - Boss Arena - East Side - Coin,Coinsanity,0x0C7548,Floor 4,Stomp and Double Jump and Ledge Grab and Pole Climb,Double Jump,,,
Construction Yard,Construction Yard - Outside Office - On Roof - Coin,Coinsanity,0x0C74A8,Office,Stomp and Double Jump and Ledge Grab and Pole Climb,Double Jump,,,
Construction Yard,Construction Yard - Floor 4 - Jackhammer - Coin,Coinsanity,0x0C3D5A,Floor 4,Double Jump and Ledge Grab and Stomp and Pole Climb and Disc Launcher,Double Jump and Disc Launcher,,,
Construction Yard,Hamm's 50 Coins Token - Construction Yard,Base AP,,,Push and Double Jump and Ledge Grab,Double Jump,,,50 Coins
Construction Yard,Missing Toys Token - Construction Yard,Base AP,,,Double Jump,,,,5 Missing Toys
Construction Yard,Race Token - Construction Yard,Base AP,,,Double Jump and Ledge Grab,(always),,,
Construction Yard,Hidden Token - Construction Yard,Base AP,,,Double Jump and Ledge Grab and Pole Climb and Stomp and Push,Stomp and Double Jump and Ledge Grab and Push,,,
Construction Yard,Boss Token - Construction Yard,Base AP,,,Double Jump and Ledge Grab and Stomp and Pole Climb and Disc Launcher,Double Jump and Disc Launcher,,,
Construction Yard,Worker Tike (Wheelbarrow) - Construction Yard,Base AP,,,Double Jump and Push and Ledge Grab,Double Jump,,,
Construction Yard,Worker Tike (Filing Cabinets) - Construction Yard,Base AP,,,Double Jump and Ledge Grab and Pole Climb,Double Jump and Ledge Grab,,,
Construction Yard,Worker Tike (Bulldozer) - Construction Yard,Base AP,,,Double Jump and Ledge Grab,Double Jump,,,
Construction Yard,Worker Tike (Construction Floor 1) - Construction Yard,Base AP,,,Stomp and Double Jump and Ledge Grab,Double Jump,,,
Construction Yard,Worker Tike (Boss Arena) - Construction Yard,Base AP,,,Double Jump and Ledge Grab and Stomp and Pole Climb,Double Jump,,,
Construction Yard,Missing Eye,Base AP,,,Stomp and Double Jump and Ledge Grab and Pole Climb,Double Jump,,,
Construction Yard,Give Potato Head His Eye,Base AP,,,,,,,Missing Eye
Construction Yard,Life (Top of Bulldozer) - Construction Yard,Lifesanity,,,Double Jump and Ledge Grab and Stomp and Pole Climb,Double Jump,,,
Construction Yard,Life (Roof of Green Building) - Construction Yard,Lifesanity,,,Double Jump and Ledge Grab and Stomp and Pole Climb,Double Jump,,,
Construction Yard,Green Laser - Construction Yard,Green Laser Sanity,,,,,,,
Construction Yard,Battery (Bulldozer) - Construction Yard,Batterysanity,,,Double Jump and Ledge Grab,Double Jump,,,
Construction Yard,Battery (Boss Arena Front Left) - Construction Yard,Batterysanity,,,Double Jump and Ledge Grab and Stomp and Pole Climb,Double Jump,,,
Construction Yard,Battery (Boss Arena Back Left) - Construction Yard,Batterysanity,,,Double Jump and Ledge Grab and Stomp and Pole Climb,Double Jump,,,
Construction Yard,Battery (Boss Arena Back Right) - Construction Yard,Batterysanity,,,Double Jump and Ledge Grab and Stomp and Pole Climb,Double Jump,,,
Construction Yard,Talk to Rex - Construction Yard,Rexsanity,,,,,,,
Construction Yard,Construction Yard - Hint Block (Paint Can Room),Hint Block Sanity,,,Double Jump and Ledge Grab and Pole Climb,Double Jump and Ledge Grab,,,
Alleys and Gullies,Alleys and Gullies - Central Hub - Stream #1 (Pipe Near Rex) - Coin,Coinsanity,0x0C78C8,Central Hub,,,,,
Alleys and Gullies,Alleys and Gullies - Central Hub - Stream #2 - Coin,Coinsanity,0x0C78B8,Central Hub,,,,,
Alleys and Gullies,Alleys and Gullies - Central Hub - Stream #3 - Coin,Coinsanity,0x0C78A8,Central Hub,,,,,
Alleys and Gullies,Alleys and Gullies - Central Hub - Stream #4 - Coin,Coinsanity,0x0C7898,Central Hub,,,,,
Alleys and Gullies,Alleys and Gullies - Central Hub - Stream #5 - Coin,Coinsanity,0x0C7888,Central Hub,,,,,
Alleys and Gullies,Alleys and Gullies - Central Hub - Stream #6 - Coin,Coinsanity,0x0C7878,Central Hub,,,,,
Alleys and Gullies,Alleys and Gullies - Central Hub - Stream #7 - Coin,Coinsanity,0x0C7868,Central Hub,,,,,
Alleys and Gullies,Alleys and Gullies - Central Hub - Stream #8 - Coin,Coinsanity,0x0C7858,Central Hub,,,,,
Alleys and Gullies,Alleys and Gullies - Central Hub - Stream #9 - Coin,Coinsanity,0x0C7848,Central Hub,,,,,
Alleys and Gullies,Alleys and Gullies - Central Hub - Stream #10 - Coin,Coinsanity,0x0C7838,Central Hub,,,,,
Alleys and Gullies,Alleys and Gullies - Central Hub - Stream #11 - Coin,Coinsanity,0x0C7828,Central Hub,,,,,
Alleys and Gullies,Alleys and Gullies - Central Hub - Stream #12 - Coin,Coinsanity,0x0C7808,Central Hub,,,,,
Alleys and Gullies,Alleys and Gullies - Central Hub - Stream #13 - Coin,Coinsanity,0x0C77F8,Central Hub,,,,,
Alleys and Gullies,Alleys and Gullies - Central Hub - Stream #14 - Coin,Coinsanity,0x0C77E8,Central Hub,,,,,
Alleys and Gullies,Alleys and Gullies - Central Hub - Stream #15 (Pipe Near Market) - Coin,Coinsanity,0x0C77D8,Central Hub,,,,,
Alleys and Gullies,Alleys and Gullies - Central Hub - Stream #16 (Side Pipe) - Coin,Coinsanity,0x0C7818,Central Hub,,,,,
Alleys and Gullies,Alleys and Gullies - Central Hub - Small Box - Coin,Coinsanity,0x0C78F8,Central Hub,,,,,
Alleys and Gullies,Alleys and Gullies - Central Hub - Plane #1 - Coin,Coinsanity,0x0C3472,Central Hub,,,,,
Alleys and Gullies,Alleys and Gullies - Central Hub - Plane #2 - Coin,Coinsanity,0x0C350A,Central Hub,,,,,
Alleys and Gullies,Alleys and Gullies - Central Hub - Plane #3 - Coin,Coinsanity,0x0C2FB2,Central Hub,,,,,
Alleys and Gullies,Alleys and Gullies - Central Hub - Plane #4 - Coin,Coinsanity,0x0C304A,Central Hub,,,,,
Alleys and Gullies,Alleys and Gullies - Central Hub - Bouncing Zurg Robot #1 - Coin,Coinsanity,0x0C36D2,Central Hub,Laser or Spin or Stomp or Disc Launcher,,,,
Alleys and Gullies,Alleys and Gullies - Central Hub - Bouncing Zurg Robot #2 - Coin,Coinsanity,0x0C376A,Central Hub,Laser or Spin or Stomp or Disc Launcher,,,,
Alleys and Gullies,Alleys and Gullies - Central Hub - Bouncing Zurg Robot #3 - Coin,Coinsanity,0x0C35A2,Central Hub,Laser or Spin or Stomp or Disc Launcher,,,,
Alleys and Gullies,Alleys and Gullies - Central Hub - Bouncing Zurg Robot #4 - Coin,Coinsanity,0x0C363A,Central Hub,Laser or Spin or Stomp or Disc Launcher,,,,
Alleys and Gullies,Alleys and Gullies - Central Hub - Zurg Boat #1 - Coin,Coinsanity,0x0C2FAF,Central Hub,Laser or Spin or Stomp or Disc Launcher,,,,
Alleys and Gullies,Alleys and Gullies - Central Hub - Plane Box #1 - Coin,Coinsanity,0x0C2EB4,Central Hub,Laser or Spin or Stomp or Disc Launcher,,,,
Alleys and Gullies,Alleys and Gullies - Central Hub - Plane Box #2 - Coin,Coinsanity,0x0C3374,Central Hub,Laser or Spin or Stomp or Disc Launcher,,,,
Alleys and Gullies,Alleys and Gullies - Central Hub - Zurg Boat #2 - Coin,Coinsanity,0x0C3834,Central Hub,Laser or Spin or Stomp or Disc Launcher,,,,
Alleys and Gullies,Alleys and Gullies - Rain River - Zurg Boat #1 - Coin,Coinsanity,0x0C38CC,Rain River,Double Jump and Ledge Grab and Push and (Laser or Spin or Disc Launcher),,Push and Ledge Grab and Double Jump and Stomp,,
Alleys and Gullies,Alleys and Gullies - Rain River - Zurg Boat #2 - Coin,Coinsanity,0x0C31AC,Rain River,Double Jump and Ledge Grab and Push and (Laser or Spin or Disc Launcher),,Push and Ledge Grab and Double Jump and Stomp,,
Alleys and Gullies,Alleys and Gullies - Rain River - By Slinky #1 - Coin,Coinsanity,0x0C7658,Rain River,Push and Ledge Grab and Double Jump,,,,
Alleys and Gullies,Alleys and Gullies - Rain River - By Slinky #2 - Coin,Coinsanity,0x0C7668,Rain River,Push and Ledge Grab and Double Jump,,,,
Alleys and Gullies,Alleys and Gullies - Central Hub - Bigger Box - Coin,Coinsanity,0x0C7908,Central Hub,Ledge Grab or Double Jump,,,,
Alleys and Gullies,Alleys and Gullies - Central Hub - Zipline Near Market #1 - Coin,Coinsanity,0x0C7688,Central Hub,Ledge Grab or Double Jump,,,,
Alleys and Gullies,Alleys and Gullies - Central Hub - Zipline Near Market #2 - Coin,Coinsanity,0x0C7698,Central Hub,Rope Sliding and (Ledge Grab or Double Jump),,,,
Alleys and Gullies,Alleys and Gullies - Central Hub - Dumpster Near Market - Coin,Coinsanity,0x0C76A8,Central Hub,Rope Sliding and (Ledge Grab or Double Jump),,,,
Alleys and Gullies,Alleys and Gullies - Market - Plane #1 - Coin,Coinsanity,0x0C4182,Market,Rope Sliding and (Ledge Grab or Double Jump),,,,
Alleys and Gullies,Alleys and Gullies - Market - Plane #2 - Coin,Coinsanity,0x0C421A,Market,Rope Sliding and (Ledge Grab or Double Jump),,,,
Alleys and Gullies,Alleys and Gullies - Market - Plane Box - Coin,Coinsanity,0x0C4084,Market,Rope Sliding and ((Ledge Grab or Double Jump) and (Laser or Spin or Stomp or Disc Launcher)),,,,
Alleys and Gullies,Alleys and Gullies - Market - Bouncing Zurg Robot - Coin,Coinsanity,0x0C4052,Market,Rope Sliding and ((Ledge Grab or Double Jump) and (Laser or Spin or Stomp or Disc Launcher)),,,,
Alleys and Gullies,Alleys and Gullies - Market - Propeller Zurg Robot #1 - Coin,Coinsanity,0x0C3C2A,Market,Rope Sliding and ((Ledge Grab or Double Jump) and (Laser or Spin or Disc Launcher)),,,,
Alleys and Gullies,Alleys and Gullies - Market - Zurg Soldier - Coin,Coinsanity,0x0C42B2,Market,Double Jump and Ledge Grab and Pole Vault and Rope Sliding and (Spin or Stomp or Disc Launcher),Double Jump and Ledge Grab and Rope Sliding and (Spin or Stomp or Disc Launcher),,,
Alleys and Gullies,Alleys and Gullies - Market - Propeller Zurg Robot #2 - Coin,Coinsanity,0x0C3FBA,Market,Double Jump and Rope Sliding and Ledge Grab and (Laser or Disc Launcher),,,,
Alleys and Gullies,Alleys and Gullies - Market - Propeller Zurg Robot #3 - Coin,Coinsanity,0x0C3F22,Market,Double Jump and Ledge Grab and Rope Sliding and ((Laser and Visor) or Disc Launcher),,,,
Alleys and Gullies,Alleys and Gullies - Market - Hamm's Umbrella #1 - Coin,Coinsanity,0x0C76D8,Market,Double Jump and Rope Sliding and Ledge Grab and Stomp and Pole Vault and Rocket Boots,Double Jump and Rope Sliding and Ledge Grab,,,
Alleys and Gullies,Alleys and Gullies - Market - Hamm's Umbrella #2 - Coin,Coinsanity,0x0C7748,Market,Double Jump and Rope Sliding and Ledge Grab and Stomp and Pole Vault and Rocket Boots,Double Jump and Rope Sliding and Ledge Grab,,,
Alleys and Gullies,Alleys and Gullies - Market - Hamm's Umbrella #3 - Coin,Coinsanity,0x0C7738,Market,Double Jump and Rope Sliding and Ledge Grab and Stomp and Pole Vault and Rocket Boots,Double Jump and Rope Sliding and Ledge Grab,,,
Alleys and Gullies,Alleys and Gullies - Market - Hamm's Umbrella #4 - Coin,Coinsanity,0x0C7728,Market,Double Jump and Rope Sliding and Ledge Grab and Stomp and Pole Vault and Rocket Boots,Double Jump and Rope Sliding and Ledge Grab,,,
Alleys and Gullies,Alleys and Gullies - Market - Hamm's Umbrella #5 - Coin,Coinsanity,0x0C7718,Market,Double Jump and Rope Sliding and Ledge Grab and Stomp and Pole Vault and Rocket Boots,Double Jump and Rope Sliding and Ledge Grab,,,
Alleys and Gullies,Alleys and Gullies - Market - Hamm's Umbrella #6 - Coin,Coinsanity,0x0C7708,Market,Double Jump and Rope Sliding and Ledge Grab and Stomp and Pole Vault and Rocket Boots,Double Jump and Rope Sliding and Ledge Grab,,,
Alleys and Gullies,Alleys and Gullies - Market - Hamm's Umbrella #7 - Coin,Coinsanity,0x0C76F8,Market,Double Jump and Rope Sliding and Ledge Grab and Stomp and Pole Vault and Rocket Boots,Double Jump and Rope Sliding and Ledge Grab,,,
Alleys and Gullies,Alleys and Gullies - Market - Hamm's Umbrella #8 - Coin,Coinsanity,0x0C76E8,Market,Double Jump and Rope Sliding and Ledge Grab and Stomp and Pole Vault and Rocket Boots,Double Jump and Rope Sliding and Ledge Grab,,,
Alleys and Gullies,Alleys and Gullies - Market - Awning above Melons - Coin,Coinsanity,0x0C76B8,Market,Double Jump and Rope Sliding and Ledge Grab and Stomp and Pole Vault and Rocket Boots,Double Jump and Rope Sliding and Ledge Grab,,,
Alleys and Gullies,Alleys and Gullies - Market - 2nd Umbrella #1 - Coin,Coinsanity,0x0C7758,Market,Double Jump and Rope Sliding and Ledge Grab and Stomp and Pole Vault,Stomp and Double Jump and Ledge Grab and Rope Sliding,Double Jump and Ledge Grab and Rope Sliding,,
Alleys and Gullies,Alleys and Gullies - Market - 2nd Umbrella #2 - Coin,Coinsanity,0x0C77C8,Market,Double Jump and Rope Sliding and Ledge Grab and Stomp and Pole Vault,Stomp and Double Jump and Ledge Grab and Rope Sliding,Double Jump and Ledge Grab and Rope Sliding,,
Alleys and Gullies,Alleys and Gullies - Market - 2nd Umbrella #3 - Coin,Coinsanity,0x0C77B8,Market,Double Jump and Rope Sliding and Ledge Grab and Stomp and Pole Vault,Stomp and Double Jump and Ledge Grab and Rope Sliding,Double Jump and Ledge Grab and Rope Sliding,,
Alleys and Gullies,Alleys and Gullies - Market - 2nd Umbrella #4 - Coin,Coinsanity,0x0C77A8,Market,Double Jump and Rope Sliding and Ledge Grab and Stomp and Pole Vault,Stomp and Double Jump and Ledge Grab and Rope Sliding,Double Jump and Ledge Grab and Rope Sliding,,
Alleys and Gullies,Alleys and Gullies - Market - 2nd Umbrella #5 - Coin,Coinsanity,0x0C7798,Market,Double Jump and Rope Sliding and Ledge Grab and Stomp and Pole Vault,Stomp and Double Jump and Ledge Grab and Rope Sliding,Double Jump and Ledge Grab and Rope Sliding,,
Alleys and Gullies,Alleys and Gullies - Market - 2nd Umbrella #6 - Coin,Coinsanity,0x0C7788,Market,Double Jump and Rope Sliding and Ledge Grab and Stomp and Pole Vault,Stomp and Double Jump and Ledge Grab and Rope Sliding,Double Jump and Ledge Grab and Rope Sliding,,
Alleys and Gullies,Alleys and Gullies - Market - 2nd Umbrella #7 - Coin,Coinsanity,0x0C7778,Market,Double Jump and Rope Sliding and Ledge Grab and Stomp and Pole Vault,Stomp and Double Jump and Ledge Grab and Rope Sliding,Double Jump and Ledge Grab and Rope Sliding,,
Alleys and Gullies,Alleys and Gullies - Market - 2nd Umbrella #8 - Coin,Coinsanity,0x0C7768,Market,Double Jump and Rope Sliding and Ledge Grab and Stomp and Pole Vault,Stomp and Double Jump and Ledge Grab and Rope Sliding,Double Jump and Ledge Grab and Rope Sliding,,
Alleys and Gullies,Alleys and Gullies - Market - Awning Near Token - Coin,Coinsanity,0x0C76C8,Market,Double Jump and Rope Sliding and Ledge Grab and Stomp and Pole Vault,Stomp and Double Jump and Ledge Grab and Rope Sliding,Double Jump and Ledge Grab and Rope Sliding,,
Alleys and Gullies,Alleys and Gullies - Central Hub - Dumpster Near Ladders - Coin,Coinsanity,0x0C7478,Central Hub,Visor and Grappling Hook,,,,
Alleys and Gullies,Alleys and Gullies - Floor 1 Balconies - SE Ladder #1 - Coin,Coinsanity,0x0C7488,Floor 1 Balconies,Visor and Pole Climb and Grappling Hook,,,,
Alleys and Gullies,Alleys and Gullies - Floor 1 Balconies - SE Ladder #2 - Coin,Coinsanity,0x0C7498,Floor 1 Balconies,Visor and Pole Climb and Grappling Hook,,,,
Alleys and Gullies,Alleys and Gullies - Floor 1 Balconies - SE Guardrail - Coin,Coinsanity,0x0C74A8,Floor 1 Balconies,Visor and Pole Climb and Grappling Hook,,,,
Alleys and Gullies,Alleys and Gullies - Floor 1 Balconies - 1st Zipline #1 - Coin,Coinsanity,0x0C74B8,Floor 1 Balconies,Visor and Pole Climb and Grappling Hook,,,,
Alleys and Gullies,Alleys and Gullies - Floor 1 Balconies - 1st Zipline #2 - Coin,Coinsanity,0x0C74C8,Floor 1 Balconies,Visor and Pole Climb and Rope Sliding and Grappling Hook,Visor and Pole Climb and Double Jump and Grappling Hook,,,
Alleys and Gullies,Alleys and Gullies - Floor 1 Balconies - N Guardrail #1 - Coin,Coinsanity,0x0C74D8,Floor 1 Balconies,Visor and Pole Climb and Rope Sliding and Grappling Hook,Visor and Pole Climb and Double Jump and Grappling Hook,,,
Alleys and Gullies,Alleys and Gullies - Floor 1 Balconies - Bouncing Zurg Robot - Coin,Coinsanity,0x0C3342,Floor 1 Balconies,Grappling Hook and Pole Climb and Rope Sliding and Visor and (Laser or Spin or Stomp or Disc Launcher),Double Jump and Grappling Hook and Pole Climb and Visor and (Laser or Spin or Stomp or Disc Launcher),,,
Alleys and Gullies,Alleys and Gullies - Floor 1 Balconies - N Guardrail #2 - Coin,Coinsanity,0x0C74E8,Floor 1 Balconies,Visor and Pole Climb and Rope Sliding and Grappling Hook,Visor and Pole Climb and Double Jump and Grappling Hook,,,
Alleys and Gullies,Alleys and Gullies - Floor 1 Balconies - N Windowsill - Coin,Coinsanity,0x0C74F8,Floor 1 Balconies,Visor and Pole Climb and Rope Sliding and Grappling Hook and (Ledge Grab or Double Jump),,,,
Alleys and Gullies,Alleys and Gullies - Floor 1 Balconies - 2nd Zipline - Coin,Coinsanity,0x0C7508,Floor 1 Balconies,Visor and Pole Climb and Rope Sliding and Grappling Hook and (Ledge Grab or Double Jump),,,,
Alleys and Gullies,Alleys and Gullies - Floor 1 Balconies - SW Guardrail - Coin,Coinsanity,0x0C7518,Floor 1 Balconies,Visor and Pole Climb and Rope Sliding and Grappling Hook and (Ledge Grab or Double Jump),,,,
Alleys and Gullies,Alleys and Gullies - Floor 2 Balconies - SW Ladder to 2nd Floor - Coin,Coinsanity,0x0C7538,Central Hub,Visor and Pole Climb and Rope Sliding and Grappling Hook and (Ledge Grab or Double Jump),,,,
Alleys and Gullies,Alleys and Gullies - Central Hub - Tall Trash Can - Coin,Coinsanity,0x0C7528,Floor 2 Balconies,Visor and Pole Climb and Rope Sliding and Grappling Hook and (Ledge Grab or Double Jump),,,,
Alleys and Gullies,Alleys and Gullies - Floor 2 Balconies - SW Balcony - Coin,Coinsanity,0x0C7548,Floor 2 Balconies,Visor and Pole Climb and Rope Sliding and Grappling Hook and (Ledge Grab or Double Jump),,,,
Alleys and Gullies,Alleys and Gullies - Floor 2 Balconies - Bouncing Zurg Robot #1 - Coin,Coinsanity,0x0C317A,Floor 2 Balconies,Grappling Hook and Pole Climb and Rope Sliding and Visor and ((Laser or Spin or Stomp or Disc Launcher) and (Ledge Grab or Double Jump)),,,,
Alleys and Gullies,Alleys and Gullies - Floor 2 Balconies - SW Guardrail - Coin,Coinsanity,0x0C7558,Floor 2 Balconies,Visor and Pole Climb and Rope Sliding and Grappling Hook and (Ledge Grab or Double Jump),,,,
Alleys and Gullies,Alleys and Gullies - Floor 2 Balconies - 1st Zipline #1 - Coin,Coinsanity,0x0C7568,Floor 2 Balconies,Visor and Pole Climb and Rope Sliding and Grappling Hook and (Ledge Grab or Double Jump),,,,
Alleys and Gullies,Alleys and Gullies - Floor 2 Balconies - 1st Zipline #2 - Coin,Coinsanity,0x0C7578,Floor 2 Balconies,Visor and Pole Climb and Rope Sliding and Grappling Hook and (Ledge Grab or Double Jump),,,,
Alleys and Gullies,Alleys and Gullies - Floor 2 Balconies - Bouncing Zurg Robot #2 - Coin,Coinsanity,0x0C32AA,Floor 2 Balconies,Grappling Hook and Pole Climb and Rope Sliding and Visor and ((Laser or Spin or Stomp or Disc Launcher) and (Ledge Grab or Double Jump)),,,,
Alleys and Gullies,Alleys and Gullies - Floor 2 Balconies - AC Unit - Coin,Coinsanity,0x0C7588,Floor 2 Balconies,Visor and Pole Climb and Rope Sliding and Grappling Hook and (Ledge Grab or Double Jump),,,,
Alleys and Gullies,Alleys and Gullies - Floor 2 Balconies - SE Pipe Climb #1 - Coin,Coinsanity,0x0C7938,Floor 2 Balconies,Visor and Pole Climb and Rope Sliding and Grappling Hook and (Ledge Grab or Double Jump),,,,
Alleys and Gullies,Alleys and Gullies - Floor 2 Balconies - SE Pipe Climb #2 - Coin,Coinsanity,0x0C7928,Floor 2 Balconies,Visor and Pole Climb and Rope Sliding and Grappling Hook and (Ledge Grab or Double Jump),,,,
Alleys and Gullies,Alleys and Gullies - Floor 2 Balconies - SE Pipe Climb #3 - Coin,Coinsanity,0x0C7918,Floor 2 Balconies,Visor and Pole Climb and Rope Sliding and Grappling Hook and (Ledge Grab or Double Jump),,,,
Alleys and Gullies,Alleys and Gullies - Floor 3 Windowsills - 2nd Zipline #1 - Coin,Coinsanity,0x0C7598,Floor 3 Balconies,Visor and Pole Climb and Rope Sliding and Grappling Hook and (Ledge Grab or Double Jump),,,,
Alleys and Gullies,Alleys and Gullies - Floor 3 Windowsills - 2nd Zipline #2 - Coin,Coinsanity,0x0C75A8,Floor 3 Balconies,Visor and Pole Climb and Rope Sliding and Grappling Hook and (Ledge Grab or Double Jump),,,,
Alleys and Gullies,Alleys and Gullies - Floor 3 Windowsills - 2nd Zipline #3 - Coin,Coinsanity,0x0C75B8,Floor 3 Balconies,Visor and Pole Climb and Rope Sliding and Grappling Hook and (Ledge Grab or Double Jump),,,,
Alleys and Gullies,Alleys and Gullies - Floor 3 Windowsills - 3rd Zipline #1 - Coin,Coinsanity,0x0C75C8,Floor 3 Balconies,Visor and Pole Climb and Rope Sliding and Grappling Hook and (Ledge Grab or Double Jump),,,,
Alleys and Gullies,Alleys and Gullies - Floor 3 Windowsills - 3rd Zipline #2 - Coin,Coinsanity,0x0C75D8,Floor 3 Balconies,Visor and Pole Climb and Rope Sliding and Grappling Hook and (Ledge Grab or Double Jump),,,,
Alleys and Gullies,Alleys and Gullies - Floor 3 Windowsills - 3rd Zipline #3 - Coin,Coinsanity,0x0C75E8,Floor 3 Balconies,Visor and Pole Climb and Rope Sliding and Grappling Hook and (Ledge Grab or Double Jump),,,,
Alleys and Gullies,Alleys and Gullies - Floor 3 Windowsills - SW Pole Climb #1 - Coin,Coinsanity,0x0C75F8,Floor 3 Balconies,Visor and Pole Climb and Rope Sliding and Grappling Hook and (Ledge Grab or Double Jump),,,,
Alleys and Gullies,Alleys and Gullies - Floor 3 Windowsills - SW Pole Climb #2 - Coin,Coinsanity,0x0C7608,Floor 3 Balconies,Visor and Pole Climb and Rope Sliding and Grappling Hook and (Ledge Grab or Double Jump),,,,
Alleys and Gullies,Alleys and Gullies - Floor 3 Windowsills - SW Pole Climb #3 - Coin,Coinsanity,0x0C7618,Floor 3 Balconies,Visor and Pole Climb and Rope Sliding and Grappling Hook and (Ledge Grab or Double Jump),,,,
Alleys and Gullies,Alleys and Gullies - Floor 3 Windowsills - Pole to Rain Gutter - Coin,Coinsanity,0x0C7628,Floor 3 Balconies,Visor and Pole Climb and Rope Sliding and Grappling Hook and (Ledge Grab or Double Jump),,,,
Alleys and Gullies,Alleys and Gullies - Floor 3 Windowsills - Rain Gutter Jump #1 - Coin,Coinsanity,0x0C7638,Floor 3 Balconies,Visor and Pole Climb and Rope Sliding and Grappling Hook and (Ledge Grab or Double Jump),,,,
Alleys and Gullies,Alleys and Gullies - Floor 3 Windowsills - Rain Gutter Jump #2 - Coin,Coinsanity,0x0C7648,Floor 3 Balconies,Visor and Pole Climb and Rope Sliding and Grappling Hook and (Ledge Grab or Double Jump),,,,
Alleys and Gullies,Alleys and Gullies - Boss Arena - Clowntop - Coin,Coinsanity,0x0C307C,Boss Arena,Visor and Pole Climb and Rope Sliding and Double Jump and Grappling Hook and (Laser or Spin or Stomp),,,,
Alleys and Gullies,Alleys and Gullies - Boss Arena - Corner - Coin,Coinsanity,0x0C7678,Boss Arena,Visor and Pole Climb and Rope Sliding and Double Jump and Grappling Hook,,,,
Alleys and Gullies,Alleys and Gullies - Rain River - Near Duck #1 - Coin,Coinsanity,0x0C78E8,Rain River,Push and Ledge Grab and Double Jump,,,,
Alleys and Gullies,Alleys and Gullies - Rain River - Near Duck #2 - Coin,Coinsanity,0x0C78D8,Rain River,Push and Ledge Grab and Double Jump,,,,
Alleys and Gullies,Hamm's 50 Coins Token - Alleys and Gullies,Base AP,,,Rope Sliding and (Ledge Grab or Double Jump),,,,50 Coins
Alleys and Gullies,Missing Toys Token - Alleys and Gullies,Base AP,,,,,,,5 Missing Toys
Alleys and Gullies,Race Token - Alleys and Gullies,Base AP,,,Double Jump and Ledge Grab and Push,,,,
Alleys and Gullies,Hidden Token - Alleys and Gullies,Base AP,,,Double Jump and Rope Sliding and Ledge Grab and Pole Vault and Stomp and Pole Climb,Stomp and Double Jump and Ledge Grab and Rope Sliding,Double Jump and Ledge Grab and Rope Sliding,,
Alleys and Gullies,Boss Token - Alleys and Gullies,Base AP,,,Visor and Pole Climb and Rope Sliding and Double Jump and Grappling Hook and (Laser or Spin or Stomp),,,,
Alleys and Gullies,Duck (Pool Behind Construction) - Alleys and Gullies,Base AP,,,Double Jump and Rope Sliding and Ledge Grab,Rope Sliding and (Ledge Grab or Double Jump),,,
Alleys and Gullies,Duck (Hidden Near Race) - Alleys and Gullies,Base AP,,,Double Jump and Ledge Grab and Push,,,,
Alleys and Gullies,Duck (Incline Parasol) - Alleys and Gullies,Base AP,,,Double Jump and Rope Sliding and Ledge Grab and Stomp and Pole Vault and Rocket Boots,Double Jump and Rope Sliding and Ledge Grab,,,
Alleys and Gullies,Duck (Window Sill) - Alleys and Gullies,Base AP,,,Visor and Pole Climb and Rope Sliding and Grappling Hook and (Double Jump or Ledge Grab),,,,
Alleys and Gullies,Duck (Rain Gutter) - Alleys and Gullies,Base AP,,,Visor and Pole Climb and Rope Sliding and Grappling Hook and (Double Jump or Ledge Grab),,,,
Alleys and Gullies,Life (Pool Behind Construction) - Alleys and Gullies,Lifesanity,,,Double Jump and Rope Sliding and Ledge Grab,Rope Sliding and (Ledge Grab or Double Jump),,,
Alleys and Gullies,Life (Lily Pad Behind Race) - Alleys and Gullies,Lifesanity,,,Double Jump and Ledge Grab and Push,,,,
Alleys and Gullies,Life (Window Sill) - Alleys and Gullies,Lifesanity,,,Visor and Pole Climb and Rope Sliding and Grappling Hook and (Double Jump or Ledge Grab),,,,
Alleys and Gullies,Green Laser - Alleys and Gullies,Green Laser Sanity,,,,,,,
Alleys and Gullies,Battery (Behind Construction) - Alleys and Gullies,Batterysanity,,,Rope Sliding and (Ledge Grab or Double Jump),,,,
Alleys and Gullies,Battery (Balcony Fence) - Alleys and Gullies,Batterysanity,,,Visor and Pole Climb and Rope Sliding and Grappling Hook and (Ledge Grab or Double Jump),,,,
Alleys and Gullies,Battery (Boss Arena) - Alleys and Gullies,Batterysanity,,,Visor and Pole Climb and Rope Sliding and Double Jump and Grappling Hook,,,,
Alleys and Gullies,Talk to Rex - Alleys and Gullies,Rexsanity,,,,,,,
Al's Toy Barn,Al's Toy Barn - Race Hallway - Trampoline - Coin,Coinsanity,0x0C75E8,Race Hallway,,,,,
Al's Toy Barn,Al's Toy Barn - Toy Aisles - Box near Basketballs - Coin,Coinsanity,0x0C7628,Toy Aisles,,,,,
Al's Toy Barn,Al's Toy Barn - Toy Aisles - Hula Hoop Aisle - Coin,Coinsanity,0x0C7668,Toy Aisles,,,,,
Al's Toy Barn,Al's Toy Barn - Toy Aisles - Plane #1 - Coin,Coinsanity,0x0C3AFA,Toy Aisles,,,,,
Al's Toy Barn,Al's Toy Barn - Toy Aisles - Plane #2 - Coin,Coinsanity,0x0C3B92,Toy Aisles,,,,,
Al's Toy Barn,Al's Toy Barn - Checkout - Plane #1 - Coin,Coinsanity,0x0C3932,Checkout,,,,,
Al's Toy Barn,Al's Toy Barn - Checkout - Plane #2 - Coin,Coinsanity,0x0C39CA,Checkout,,,,,
Al's Toy Barn,Al's Toy Barn - Checkout - Plane Box - Coin,Coinsanity,0x0C389A,Checkout,Laser or Spin or Stomp or Disc Launcher,,,,
Al's Toy Barn,Al's Toy Barn - Toy Aisles - Plane Box - Coin,Coinsanity,0x0C3A62,Toy Aisles,Laser or Spin or Stomp or Disc Launcher,,,,
Al's Toy Barn,Al's Toy Barn - Checkout - Floating Zurg Robot #1 - Coin,Coinsanity,0x0C3802,Checkout,Laser or Spin or Disc Launcher,,,,
Al's Toy Barn,Al's Toy Barn - Checkout - Floating Zurg Robot #2 - Coin,Coinsanity,0x0C3C2A,Checkout,Laser or Spin or Disc Launcher,,,,
Al's Toy Barn,Al's Toy Barn - Race Hallway - Floating Zurg Robot - Coin,Coinsanity,0x0C3CC2,Race Hallway,Laser or Spin or Disc Launcher,,,,
Al's Toy Barn,Al's Toy Barn - Checkout - Propeller Zurg Robot #1 - Coin,Coinsanity,0x0C40EA,Checkout,Laser or Spin or Disc Launcher,,,,
Al's Toy Barn,Al's Toy Barn - Outside Office - Propeller Zurg Robot - Coin,Coinsanity,0x0C4052,Office,Laser or Spin or Disc Launcher,,,,
Al's Toy Barn,Al's Toy Barn - Shipping - Floating Zurg Robot #1 - Coin,Coinsanity,0x0C3DF2,Shipping,Laser or Spin or Disc Launcher,,,,
Al's Toy Barn,Al's Toy Barn - Shipping - Floating Zurg Robot #2 - Coin,Coinsanity,0x0C3E8A,Shipping,Laser or Spin or Disc Launcher,,,,
Al's Toy Barn,Al's Toy Barn - Office - Floating Zurg Robot - Coin,Coinsanity,0x0C3D5A,Office,Laser or Spin or Disc Launcher,,,,
Al's Toy Barn,Al's Toy Barn - Toy Aisles - Last Aisle in Wall - Coin,Coinsanity,0x0C7688,Toy Aisles,Double Jump and Ledge Grab,,,,
Al's Toy Barn,Al's Toy Barn - Toy Aisles - End of Aisles by Chick - Coin,Coinsanity,0x0C7698,Toy Aisles,Double Jump and Ledge Grab and Push,,Double Jump and Rocket Boots,,
Al's Toy Barn,Al's Toy Barn - Ventilation Shaft - Floating Zurg Robot - Coin,Coinsanity,0x0C3F22,Toy Aisles,Double Jump and Ledge Grab and Push and (Laser or Spin or Disc Launcher),,Double Jump and Rocket Boots and (Laser or Spin or Disc Launcher),,
Al's Toy Barn,Al's Toy Barn - Toy Aisles - Bike Shelves #1 - Coin,Coinsanity,0x0C7638,Toy Aisles,Pole Climb and (Ledge Grab or Double Jump),,,,
Al's Toy Barn,Al's Toy Barn - Toy Aisles - Bike Shelves #2 - Coin,Coinsanity,0x0C7648,Toy Aisles,Pole Climb and (Ledge Grab or Double Jump),,,,
Al's Toy Barn,Al's Toy Barn - Toy Aisles - Bike Shelves #3 - Coin,Coinsanity,0x0C7658,Toy Aisles,Pole Climb and (Ledge Grab or Double Jump),,,,
Al's Toy Barn,Al's Toy Barn - Office - Chair - Coin,Coinsanity,0x0C76C8,Office,(Double Jump and Ledge Grab) or Pole Climb or Hover Boots,,,,
Al's Toy Barn,Al's Toy Barn - Office - Table #1 - Coin,Coinsanity,0x0C76B8,Office,(Double Jump and Ledge Grab) or Pole Climb or Hover Boots,,,,
Al's Toy Barn,Al's Toy Barn - Office - Table #2 - Coin,Coinsanity,0x0C76A8,Office,(Double Jump and Ledge Grab) or Pole Climb or Hover Boots,,,,
Al's Toy Barn,Al's Toy Barn - Office - Drawer Lock #1 - Coin,Coinsanity,0x0C3342,Office,Disc Launcher and ((Double Jump and Ledge Grab) or Pole Climb or Hover Boots),,,,
Al's Toy Barn,Al's Toy Barn - Office - Drawer Lock #2 - Coin,Coinsanity,0x0C33DA,Office,Disc Launcher and ((Double Jump and Ledge Grab) or Pole Climb or Hover Boots),,,,
Al's Toy Barn,Al's Toy Barn - Office - Drawer Lock #3 - Coin,Coinsanity,0x0C3472,Office,Disc Launcher and ((Double Jump and Ledge Grab) or Pole Climb or Hover Boots),,,,
Al's Toy Barn,Al's Toy Barn - Shipping - Hover Boot Path #1 - Coin,Coinsanity,0x0C76D8,Shipping,Hover Boots,Double Jump and Ledge Grab,,,
Al's Toy Barn,Al's Toy Barn - Shipping - Hover Boot Path #2 - Coin,Coinsanity,0x0C76E8,Shipping,Hover Boots,,,,
Al's Toy Barn,Al's Toy Barn - Shipping - Hover Boot Path #3 - Coin,Coinsanity,0x0C76F8,Shipping,Hover Boots,,,,
Al's Toy Barn,Al's Toy Barn - Shipping - Hover Boot Path #4 - Coin,Coinsanity,0x0C7708,Shipping,Hover Boots,,,,
Al's Toy Barn,Al's Toy Barn - Shipping - Little Box on Big Box Tower - Coin,Coinsanity,0x0C7718,Shipping,Double Jump and Hover Boots,,,,
Al's Toy Barn,Al's Toy Barn - Shipping - Tall Stack near Battery - Coin,Coinsanity,0x0C7768,Shipping,Double Jump and Hover Boots,,,,
Al's Toy Barn,Al's Toy Barn - Shipping - Tallest Stack near Chick - Coin,Coinsanity,0x0C7778,Shipping,Double Jump and Hover Boots,,,,
Al's Toy Barn,Al's Toy Barn - Shipping - Middle Box - Coin,Coinsanity,0x0C7758,Shipping,Double Jump or Hover Boots,,,,
Al's Toy Barn,Al's Toy Barn - Shipping - Floor Box near Rex - Coin,Coinsanity,0x0C7748,Shipping,Double Jump or Hover Boots,,,,
Al's Toy Barn,Al's Toy Barn - Shipping - Box in Wall near Rex - Coin,Coinsanity,0x0C7738,Shipping,(Double Jump and Ledge Grab) or Hover Boots,,,,
Al's Toy Barn,Al's Toy Barn - Shipping - Boss Arena Entry - Coin,Coinsanity,0x0C7788,Shipping,(Double Jump and Ledge Grab) or Hover Boots,,,,
Al's Toy Barn,Al's Toy Barn - Boss Arena - Near Battery - Coin,Coinsanity,0x0C7798,Boss Arena,(Double Jump or Hover Boots) and Pole Climb and Ledge Grab,,,,
Al's Toy Barn,Al's Toy Barn - Boss Arena - Near Door - Coin,Coinsanity,0x0C77A8,Boss Arena,(Double Jump or Hover Boots) and Pole Climb and Ledge Grab,,,,
Al's Toy Barn,Al's Toy Barn - Boss Arena - Corner Opposite Battery - Coin,Coinsanity,0x0C77B8,Boss Arena,(Double Jump or Hover Boots) and Pole Climb and Ledge Grab,,,,
Al's Toy Barn,Al's Toy Barn - Race Hallway - Above Merchandise #1 - Coin,Coinsanity,0x0C75F8,Race Hallway,Double Jump or Ledge Grab,,,,
Al's Toy Barn,Al's Toy Barn - Race Hallway - Above Merchandise #2 - Coin,Coinsanity,0x0C7608,Race Hallway,Double Jump or Ledge Grab,,,,
Al's Toy Barn,Al's Toy Barn - Race Hallway - Above Merchandise #3 - Coin,Coinsanity,0x0C7618,Race Hallway,Double Jump or Ledge Grab,,,,
Al's Toy Barn,Al's Toy Barn - Race Hallway - Shopping Cart - Coin,Coinsanity,0x0C75D8,Race Hallway,Double Jump or Ledge Grab,,,,
Al's Toy Barn,Al's Toy Barn - Race Hallway - 1st Buzz Shelf - Coin,Coinsanity,0x0C75C8,Race Hallway,Double Jump or Ledge Grab,,,,
Al's Toy Barn,Al's Toy Barn - Race Hallway - 2nd Buzz Shelf - Coin,Coinsanity,0x0C75B8,Race Hallway,Pole Vault and Double Jump,Double Jump and Ledge Grab,,,
Al's Toy Barn,Al's Toy Barn - Checkout - Box Step - Coin,Coinsanity,0x0C7478,Checkout,Double Jump,,,,
Al's Toy Barn,Al's Toy Barn - Checkout - 1st Counter #1 - Coin,Coinsanity,0x0C7488,Checkout,Double Jump,,,,
Al's Toy Barn,Al's Toy Barn - Checkout - 1st Counter #2 - Coin,Coinsanity,0x0C7498,Checkout,Double Jump,,,,
Al's Toy Barn,Al's Toy Barn - Checkout - 1st Counter #3 - Coin,Coinsanity,0x0C74A8,Checkout,Double Jump,,,,
Al's Toy Barn,Al's Toy Barn - Checkout - 1st Counter #4 - Coin,Coinsanity,0x0C74B8,Checkout,Double Jump,,,,
Al's Toy Barn,Al's Toy Barn - Checkout - 1st Cash Register - Coin,Coinsanity,0x0C74C8,Checkout,Double Jump,,,,
Al's Toy Barn,Al's Toy Barn - Checkout - 2nd Cash Register - Coin,Coinsanity,0x0C74D8,Checkout,Double Jump and Ledge Grab and Rope Sliding and Pole Vault,Double Jump and Ledge Grab,Double Jump,,
Al's Toy Barn,Al's Toy Barn - Checkout - 3rd Cash Register - Coin,Coinsanity,0x0C74E8,Checkout,Double Jump and Ledge Grab and Rope Sliding and Pole Vault,Double Jump and Ledge Grab,Double Jump,,
Al's Toy Barn,Al's Toy Barn - Checkout - Propeller Zurg Robot #2 - Coin,Coinsanity,0x0C3FBA,Checkout,(Double Jump and Ledge Grab and Rope Sliding and Pole Vault and (Laser or Spin)) or Disc Launcher,Double Jump and Ledge Grab and (Laser or Spin),Double Jump and (Laser or Spin),,
Al's Toy Barn,Al's Toy Barn - Checkout - 4th Cash Register - Coin,Coinsanity,0x0C74F8,Checkout,(Double Jump and Rocket Boots) or (Double Jump and Ledge Grab and Pole Vault and Rope Sliding),Double Jump and Ledge Grab,Double Jump,,
Al's Toy Barn,Al's Toy Barn - Checkout - Shopping Cart - Coin,Coinsanity,0x0C7508,Checkout,(Double Jump and Rocket Boots) or (Double Jump and Ledge Grab and Pole Vault and Rope Sliding),Double Jump and Ledge Grab,Double Jump,,
Al's Toy Barn,Al's Toy Barn - Checkout - SE Gumball Machines #1 - Coin,Coinsanity,0x0C7518,Checkout,(Stomp and Double Jump and Rocket Boots) or (Double Jump and Pole Vault and Rope Sliding) or (Ledge Grab and Pole Vault and Rope Sliding),Double Jump and Pole Vault and Ledge Grab,,,
Al's Toy Barn,Al's Toy Barn - Checkout - SE Gumball Machines #2 - Coin,Coinsanity,0x0C7528,Checkout,(Stomp and Double Jump and Rocket Boots) or (Double Jump and Pole Vault and Rope Sliding) or (Ledge Grab and Pole Vault and Rope Sliding),Double Jump and Pole Vault and Ledge Grab,,,
Al's Toy Barn,Al's Toy Barn - Checkout - SE Gumball Machines #3 - Coin,Coinsanity,0x0C7538,Checkout,(Stomp and Double Jump and Rocket Boots) or (Double Jump and Pole Vault and Rope Sliding) or (Ledge Grab and Pole Vault and Rope Sliding),Double Jump and Pole Vault and Ledge Grab,,,
Al's Toy Barn,Al's Toy Barn - Checkout - Hay Bale Ride #1 - Coin,Coinsanity,0x0C7548,Checkout,(Stomp and Double Jump and Rocket Boots and Pole Vault) or (Double Jump and Pole Vault and Rope Sliding) or (Ledge Grab and Pole Vault and Rope Sliding),Double Jump and Ledge Grab,,,
Al's Toy Barn,Al's Toy Barn - Checkout - Hay Bale Ride #2 - Coin,Coinsanity,0x0C7558,Checkout,(Stomp and Double Jump and Rocket Boots and Pole Vault) or (Double Jump and Pole Vault and Rope Sliding) or (Ledge Grab and Pole Vault and Rope Sliding),Double Jump and Ledge Grab,,,
Al's Toy Barn,Al's Toy Barn - Checkout - Hay Bale Ride #3 - Coin,Coinsanity,0x0C7568,Checkout,(Stomp and Double Jump and Rocket Boots and Pole Vault) or (Double Jump and Pole Vault and Rope Sliding) or (Ledge Grab and Pole Vault and Rope Sliding),Double Jump and Ledge Grab,,,
Al's Toy Barn,Al's Toy Barn - Checkout - Hay Bale Ride #4 - Coin,Coinsanity,0x0C7578,Checkout,(Stomp and Double Jump and Rocket Boots and Pole Vault) or (Double Jump and Pole Vault and Rope Sliding) or (Ledge Grab and Pole Vault and Rope Sliding),Double Jump and Ledge Grab,,,
Al's Toy Barn,Al's Toy Barn - Checkout - Hay Bale Ride #5 - Coin,Coinsanity,0x0C7588,Checkout,(Stomp and Double Jump and Rocket Boots and Pole Vault) or (Double Jump and Pole Vault and Rope Sliding) or (Ledge Grab and Pole Vault and Rope Sliding),Double Jump and Ledge Grab,,,
Al's Toy Barn,Al's Toy Barn - Checkout - SW Gumball Machines #1 - Coin,Coinsanity,0x0C7598,Checkout,Double Jump and Stomp and Pole Vault and Rocket Boots,(Double Jump and Rocket Boots) or (Double Jump and Ledge Grab and Stomp),,,
Al's Toy Barn,Al's Toy Barn - Checkout - SW Gumball Machines #2 - Coin,Coinsanity,0x0C75A8,Checkout,Double Jump and Stomp and Pole Vault and Rocket Boots,(Double Jump and Rocket Boots) or (Double Jump and Ledge Grab),,,
Al's Toy Barn,Al's Toy Barn - Shipping - Under Box Lifts - Coin,Coinsanity,0x0C7728,Shipping,(Double Jump and Ledge Grab) or Hover Boots,,,,
Al's Toy Barn,Hamm's 50 Coins Token - Al's Toy Barn,Base AP,,,(Double Jump and Ledge Grab) or Pole Climb or Hover Boots,,,,50 Coins
Al's Toy Barn,Missing Toys Token - Al's Toy Barn,Base AP,,,,,,,5 Missing Toys
Al's Toy Barn,Race Token - Al's Toy Barn,Base AP,,,Pole Vault and Rope Sliding and Double Jump,,Double Jump and Rocket Boots,,
Al's Toy Barn,Hidden Token - Al's Toy Barn,Base AP,,,Double Jump and Ledge Grab and Disc Launcher,,,,
Al's Toy Barn,Boss Token - Al's Toy Barn,Base AP,,,(Laser or Spin or Stomp or Disc Launcher) and (Double Jump or Hover Boots) and Pole Climb and Ledge Grab,(Laser or Spin or Stomp or Disc Launcher) and ((Double Jump and Ledge Grab) or Hover Boots),,,
Al's Toy Barn,Chick (Complete Race) - Al's Toy Barn,Base AP,,,Pole Vault and Rope Sliding and Double Jump,,Double Jump and Rocket Boots,,
Al's Toy Barn,Chick (Gumball Machines) - Al's Toy Barn,Base AP,,,Double Jump and Stomp and Pole Vault and Rocket Boots,(Double Jump and Rocket Boots) or (Double Jump and Ledge Grab and Stomp),,,
Al's Toy Barn,Chick (Shipping Boxes) - Al's Toy Barn,Base AP,,,Double Jump and Hover Boots,,,,
Al's Toy Barn,Chick (Near Basketballs) - Al's Toy Barn,Base AP,,,Pole Climb and (Ledge Grab or Double Jump),,,,
Al's Toy Barn,Chick (End of Long Aisle) - Al's Toy Barn,Base AP,,,Push and Double Jump and Ledge Grab,,Double Jump and Rocket Boots,,
Al's Toy Barn,Missing Arm,Base AP,,,(Double Jump and Rocket Boots) or (Double Jump and Ledge Grab and Pole Vault and Rope Sliding),Double Jump and Ledge Grab,Double Jump,,
Al's Toy Barn,Give Potato Head His Arm,Base AP,,,Double Jump,,,,Missing Arm
Al's Toy Barn,Life (Tennis Ball Isle) - Al's Toy Barn,Lifesanity,,,,,,,
Al's Toy Barn,Green Laser - Al's Toy Barn,Green Laser Sanity,,,,,,,
Al's Toy Barn,Battery (Gumball Machine) - Al's Toy Barn,Batterysanity,,,(Stomp and Double Jump and Rocket Boots) or (Double Jump and Pole Vault and Rope Sliding) or (Ledge Grab and Pole Vault and Rope Sliding),Double Jump and Pole Vault and Ledge Grab,,,
Al's Toy Barn,Battery (Ventilation Shaft) - Al's Toy Barn,Batterysanity,,,Push and Double Jump and Ledge Grab,,Double Jump and Rocket Boots,,
Al's Toy Barn,Battery (Between Bicycles) - Al's Toy Barn,Batterysanity,,,Pole Climb and (Ledge Grab or Double Jump),,,,
Al's Toy Barn,Battery (Cardboard Boxes) - Al's Toy Barn,Batterysanity,,,(Double Jump and Ledge Grab) or Hover Boots,,,,
Al's Toy Barn,Battery (Boss Arena) - Al's Toy Barn,Batterysanity,,,(Double Jump or Hover Boots) and Pole Climb and Ledge Grab,(Double Jump and Ledge Grab) or Hover Boots,,,
Al's Toy Barn,Talk to Rex - Al's Toy Barn,Rexsanity,,,(Double Jump and Ledge Grab) or Hover Boots,,,,
Al's Toy Barn,Al's Toy Barn - Hint Block (Hay Bale Ride),Hint Block Sanity,,,,,,,
Al's Space Land,Al's Space Land - Race Aisle - Small Box at Entry - Coin,Coinsanity,0x0C7508,Race Aisle,,,,,
Al's Space Land,Al's Space Land - Zurg Aisle - Small Box at Entry - Coin,Coinsanity,0x0C7618,Zurg Aisle,,,,,
Al's Space Land,Al's Space Land - Central Room - Floating Zurg Robot - Coin,Coinsanity,0x0C3472,Central Room,Laser or Spin,,,,
Al's Space Land,Al's Space Land - Central Room - Bouncing Zurg Robot - Coin,Coinsanity,0x0C33DA,Central Room,Laser or Spin or Stomp,,,,
Al's Space Land,Al's Space Land - Central Room - Propeller Zurg Robot - Coin,Coinsanity,0x0C350A,Central Room,Laser or Spin,,,,
Al's Space Land,Al's Space Land - Central Room - Zurg Car - Coin,Coinsanity,0x0C3FBA,Central Room,Laser or Spin or Stomp,,,,
Al's Space Land,Al's Space Land - Arcade - Zurg Car - Coin,Coinsanity,0x0C363A,Arcade,Laser or Spin or Stomp,,,,
Al's Space Land,Al's Space Land - Race Aisle - Zurg Car #1 - Coin,Coinsanity,0x0C4052,Race Aisle,Laser or Spin or Stomp,,,,
Al's Space Land,Al's Space Land - Race Aisle - Zurg Car #2 - Coin,Coinsanity,0x0C40EA,Race Aisle,Laser or Spin or Stomp,,,,
Al's Space Land,Al's Space Land - Race Aisle - Zurg Car #3 - Coin,Coinsanity,0x0C4182,Race Aisle,Laser or Spin or Stomp,,,,
Al's Space Land,Al's Space Land - Race Aisle - Zurg Car #4 - Coin,Coinsanity,0x0C43E2,Race Aisle,Laser or Spin or Stomp,,,,
Al's Space Land,Al's Space Land - Zurg Aisle - Bouncing Zurg Robot #1 - Coin,Coinsanity,0x0C39CA,Zurg Aisle,Laser or Spin or Stomp,,,,
Al's Space Land,Al's Space Land - Central Room - Zurg Soldier - Coin,Coinsanity,0x0C35A2,Central Room,Spin or Stomp,,,,
Al's Space Land,Al's Space Land - Zurg Aisle - Zurg Soldier - Coin,Coinsanity,0x0C3A62,Zurg Aisle,Spin or Stomp,,,,
Al's Space Land,Al's Space Land - Race Aisle - Zurg Soldier #1 - Coin,Coinsanity,0x0C42B2,Race Aisle,Spin or Stomp,,,,
Al's Space Land,Al's Space Land - Race Aisle - Zurg Soldier #2 - Coin,Coinsanity,0x0C434A,Race Aisle,Spin or Stomp,,,,
Al's Space Land,Al's Space Land - Race Aisle - Zurg Soldier #3 - Coin,Coinsanity,0x0C421A,Race Aisle,Spin or Stomp,,,,
Al's Space Land,Al's Space Land - Central Room - Boxes to Mobile - Coin,Coinsanity,0x0C7478,Central Room,Push and Ledge Grab and Double Jump,Double Jump,,,
Al's Space Land,Al's Space Land - Central Room - Mobile #1 - Coin,Coinsanity,0x0C7488,Central Room,Push and Ledge Grab and Double Jump,Double Jump,,,
Al's Space Land,Al's Space Land - Central Room - Mobile #2 - Coin,Coinsanity,0x0C7498,Central Room,Push and Ledge Grab and Double Jump and Pole Climb,Double Jump and Ledge Grab and Pole Climb,,,
Al's Space Land,Al's Space Land - Central Room - Mobile #3 - Coin,Coinsanity,0x0C74A8,Central Room,Push and Ledge Grab and Double Jump and Pole Climb,Double Jump and Ledge Grab and Pole Climb,,,
Al's Space Land,Al's Space Land - Central Room - Mobile #4 - Coin,Coinsanity,0x0C74B8,Central Room,Push and Ledge Grab and Double Jump and Pole Climb,Double Jump and Ledge Grab and Pole Climb,,,
Al's Space Land,Al's Space Land - Central Room - Mobile #5 - Coin,Coinsanity,0x0C74C8,Central Room,Push and Ledge Grab and Double Jump and Pole Climb,Double Jump and Ledge Grab and Pole Climb,,,
Al's Space Land,Al's Space Land - Central Room - Mobile #6 - Coin,Coinsanity,0x0C74D8,Central Room,Push and Ledge Grab and Double Jump and Pole Climb,Double Jump and Ledge Grab and Pole Climb,,,
Al's Space Land,Al's Space Land - Central Room - Mobile #7 - Coin,Coinsanity,0x0C74E8,Central Room,Push and Ledge Grab and Double Jump and Pole Climb,Double Jump and Ledge Grab and Pole Climb,,,
Al's Space Land,Al's Space Land - Central Room - Mobile #8 - Coin,Coinsanity,0x0C74F8,Central Room,Push and Ledge Grab and Double Jump and Pole Climb,Double Jump and Ledge Grab and Pole Climb,,,
Al's Space Land,Al's Space Land - Central Room - Boxes to Boss #1 - Coin,Coinsanity,0x0C7788,Central Room,Push and Ledge Grab and Double Jump and Pole Climb,Double Jump and Ledge Grab and Pole Climb,,,
Al's Space Land,Al's Space Land - Central Room - Boxes to Boss #2 - Coin,Coinsanity,0x0C7798,Central Room,Push and Ledge Grab and Double Jump and Pole Climb,Double Jump and Ledge Grab and Pole Climb,,,
Al's Space Land,Al's Space Land - Arcade - Stool by 1st Cabinet - Coin,Coinsanity,0x0C76D8,Arcade,Double Jump and Ledge Grab,,,,
Al's Space Land,Al's Space Land - Arcade - Bouncing Zurg Robot #1 - Coin,Coinsanity,0x0C36D2,Arcade,Double Jump and Ledge Grab and (Laser or Spin or Stomp),,,,
Al's Space Land,Al's Space Land - Arcade - Floating Zurg Robot - Coin,Coinsanity,0x0C3802,Arcade,Double Jump and Ledge Grab and (Laser or Spin),,,,
Al's Space Land,Al's Space Land - Arcade - 1st Cabinet - Coin,Coinsanity,0x0C76E8,Arcade,Double Jump and Ledge Grab,,,,
Al's Space Land,Al's Space Land - Arcade - 2nd Cabinet - Coin,Coinsanity,0x0C76F8,Arcade,Double Jump and Ledge Grab,,,,
Al's Space Land,Al's Space Land - Arcade - 3rd Cabinet - Coin,Coinsanity,0x0C7708,Arcade,Double Jump and Ledge Grab,,,,
Al's Space Land,Al's Space Land - Arcade - Bouncing Zurg Robot #2 - Coin,Coinsanity,0x0C389A,Arcade,Double Jump and Ledge Grab and (Laser or Spin or Stomp),,,,
Al's Space Land,Al's Space Land - Arcade - Propeller Zurg Robot #1 - Coin,Coinsanity,0x0C376A,Arcade,Double Jump and Ledge Grab and (Laser or Spin),,,,
Al's Space Land,Al's Space Land - Arcade - 4th Cabinet - Coin,Coinsanity,0x0C7718,Arcade,Double Jump and Ledge Grab,,,,
Al's Space Land,Al's Space Land - Arcade - Top of Claw Machine - Coin,Coinsanity,0x0C7738,Arcade,Double Jump and Ledge Grab,,,,
Al's Space Land,Al's Space Land - Arcade - Ball Pit Pole - Coin,Coinsanity,0x0C7748,Arcade,Double Jump and Ledge Grab and Pole Climb,Double Jump and Ledge Grab,,,
Al's Space Land,Al's Space Land - Arcade - Propeller Zurg Robot #2 - Coin,Coinsanity,0x0C3932,Arcade,Double Jump and Ledge Grab and Pole Climb and (Laser or Spin),Double Jump and Ledge Grab and (Laser or Spin),,,
Al's Space Land,Al's Space Land - Arcade - Ball Pit Open Corner #1 - Coin,Coinsanity,0x0C77E8,Arcade,Double Jump and Ledge Grab and Pole Climb,Double Jump and Ledge Grab,,,
Al's Space Land,Al's Space Land - Arcade - Ball Pit Open Corner #2 - Coin,Coinsanity,0x0C77F8,Arcade,Double Jump and Ledge Grab and Pole Climb,Double Jump and Ledge Grab,,,
Al's Space Land,Al's Space Land - Arcade - Ball Pit Hidden Corner #1 - Coin,Coinsanity,0x0C7778,Arcade,Double Jump and Ledge Grab and Pole Climb,Double Jump and Ledge Grab,,,
Al's Space Land,Al's Space Land - Arcade - Ball Pit Hidden Corner #2 - Coin,Coinsanity,0x0C7768,Arcade,Double Jump and Ledge Grab and Pole Climb,Double Jump and Ledge Grab,,,
Al's Space Land,Al's Space Land - Arcade - Ball Pit Hidden Corner #3 - Coin,Coinsanity,0x0C7758,Arcade,Double Jump and Ledge Grab and Pole Climb,Double Jump and Ledge Grab,,,
Al's Space Land,Al's Space Land - Race Aisle - Stacked Box at Entry - Coin,Coinsanity,0x0C7518,Race Aisle,Double Jump and Ledge Grab,Double Jump,,,
Al's Space Land,Al's Space Land - Race Aisle - Bouncing Zurg Robot - Coin,Coinsanity,0x0C447A,Race Aisle,Double Jump and Ledge Grab and (Laser or Spin or Stomp),Double Jump and (Laser or Spin or Stomp),,,
Al's Space Land,Al's Space Land - Race Aisle - 1st Blue Shelf - Coin,Coinsanity,0x0C7528,Race Aisle,Double Jump and Ledge Grab,Double Jump,,,
Al's Space Land,Al's Space Land - Race Aisle - Propeller Zurg Robot #1 - Coin,Coinsanity,0x0C4512,Race Aisle,Double Jump and Ledge Grab and (Laser or Spin),Double Jump and (Laser or Spin),,,
Al's Space Land,Al's Space Land - Race Aisle - 2nd Blue Shelf - Coin,Coinsanity,0x0C7538,Race Aisle,Double Jump and Ledge Grab,Double Jump,,,
Al's Space Land,Al's Space Land - Race Aisle - Propeller Zurg Robot #2 - Coin,Coinsanity,0x0C4642,Race Aisle,Double Jump and Ledge Grab and (Laser or Spin),Double Jump and (Laser or Spin),,,
Al's Space Land,Al's Space Land - Race Aisle - Boxed Alien - Coin,Coinsanity,0x0C7548,Race Aisle,Double Jump and Ledge Grab,,,,
Al's Space Land,Al's Space Land - Race Aisle - Propeller Zurg Robot #3 - Coin,Coinsanity,0x0C45AA,Race Aisle,Double Jump and Ledge Grab and (Laser or Spin),,,,
Al's Space Land,Al's Space Land - Race Aisle - 3rd Blue Shelf - Coin,Coinsanity,0x0C7558,Race Aisle,Double Jump and Ledge Grab,,,,
Al's Space Land,Al's Space Land - Race Aisle - 1st Rope - Coin,Coinsanity,0x0C7568,Race Aisle,Double Jump and Ledge Grab,,,,
Al's Space Land,Al's Space Land - Race Aisle - 2nd Rope #1 - Coin,Coinsanity,0x0C7578,Race Aisle,Double Jump and Ledge Grab and Rope Sliding,,,,
Al's Space Land,Al's Space Land - Race Aisle - 2nd Rope #2 - Coin,Coinsanity,0x0C7588,Race Aisle,Double Jump and Ledge Grab and Rope Sliding,,,,
Al's Space Land,Al's Space Land - Race Aisle - 3rd Rope - Coin,Coinsanity,0x0C7598,Race Aisle,Double Jump and Ledge Grab and Rope Sliding,,,,
Al's Space Land,Al's Space Land - Race Aisle - 4th Rope #1 - Coin,Coinsanity,0x0C75A8,Race Aisle,Double Jump and Ledge Grab and Rope Sliding,,,,
Al's Space Land,Al's Space Land - Race Aisle - 4th Rope #2 - Coin,Coinsanity,0x0C75B8,Race Aisle,Double Jump and Ledge Grab and Rope Sliding,,,,
Al's Space Land,Al's Space Land - Race Aisle - 5th Rope - Coin,Coinsanity,0x0C75C8,Race Aisle,Double Jump and Ledge Grab and Rope Sliding,,,,
Al's Space Land,Al's Space Land - Race Aisle - 6th Rope #1 - Coin,Coinsanity,0x0C75D8,Race Aisle,Double Jump and Ledge Grab and Rope Sliding,,,,
Al's Space Land,Al's Space Land - Race Aisle - 6th Rope #2 - Coin,Coinsanity,0x0C75E8,Race Aisle,Double Jump and Ledge Grab and Rope Sliding,,,,
Al's Space Land,Al's Space Land - Race Aisle - 7th Rope #1 - Coin,Coinsanity,0x0C75F8,Race Aisle,Double Jump and Ledge Grab and Rope Sliding,,,,
Al's Space Land,Al's Space Land - Race Aisle - 7th Rope #2 - Coin,Coinsanity,0x0C7608,Race Aisle,Double Jump and Ledge Grab and Rope Sliding,,,,
Al's Space Land,Al's Space Land - Race Aisle - Shelf at End of Race - Coin,Coinsanity,0x0C77D8,Race Aisle,Double Jump and Ledge Grab and Rope Sliding,,,,
Al's Space Land,Al's Space Land - Zurg Aisle - Stacked Box at Entry - Coin,Coinsanity,0x0C7628,Zurg Aisle,Double Jump and Ledge Grab,Double Jump,,,
Al's Space Land,Al's Space Land - Zurg Aisle - Jump to Pole Vault - Coin,Coinsanity,0x0C7638,Zurg Aisle,Double Jump and Ledge Grab,Double Jump,,,
Al's Space Land,Al's Space Land - Zurg Aisle - Propeller Zurg Robot - Coin,Coinsanity,0x0C3AFA,Zurg Aisle,Double Jump and Pole Vault and Ledge Grab and (Laser or Spin),Double Jump and Pole Vault and (Laser or Spin),,,
Al's Space Land,Al's Space Land - Zurg Aisle - High Blue Shelf around Corner - Coin,Coinsanity,0x0C7648,Zurg Aisle,Double Jump and Pole Vault and Ledge Grab,Double Jump and Pole Vault,,,
Al's Space Land,Al's Space Land - Zurg Aisle - Red Zurg Shelf - Coin,Coinsanity,0x0C7658,Zurg Aisle,Double Jump and Pole Vault and Ledge Grab,Double Jump and Pole Vault,,,
Al's Space Land,Al's Space Land - Zurg Aisle - Bouncing Zurg Robot #2 - Coin,Coinsanity,0x0C3B92,Zurg Aisle,Double Jump and Pole Vault and Ledge Grab and (Laser or Spin or Stomp),Double Jump and (Laser or Spin or Stomp),,,
Al's Space Land,Al's Space Land - Zurg Aisle - Bouncing Zurg Robot #3 - Coin,Coinsanity,0x0C3C2A,Zurg Aisle,Double Jump and Pole Vault and Ledge Grab and (Laser or Spin or Stomp),Double Jump and (Laser or Spin or Stomp),,,
Al's Space Land,Al's Space Land - Zurg Aisle - 1st Standalone Box - Coin,Coinsanity,0x0C77A8,Zurg Aisle,Double Jump and Pole Vault and Ledge Grab,Double Jump,,,
Al's Space Land,Al's Space Land - Zurg Aisle - 2nd Standalone Box - Coin,Coinsanity,0x0C77B8,Zurg Aisle,Double Jump and Pole Vault and Ledge Grab,Double Jump,,,
Al's Space Land,Al's Space Land - Zurg Aisle - 3rd Standalone Box - Coin,Coinsanity,0x0C77C8,Zurg Aisle,Double Jump and Pole Vault and Ledge Grab,Double Jump,,,
Al's Space Land,Al's Space Land - Zurg Aisle - 1st Box Step to Rope - Coin,Coinsanity,0x0C7668,Zurg Aisle,Double Jump and Pole Vault and Ledge Grab,Double Jump,,,
Al's Space Land,Al's Space Land - Zurg Aisle - 2nd Box Step to Rope - Coin,Coinsanity,0x0C7678,Zurg Aisle,Double Jump and Pole Vault and Ledge Grab,Double Jump,,,
Al's Space Land,Al's Space Land - Zurg Aisle - 3rd Box Step to Rope - Coin,Coinsanity,0x0C7688,Zurg Aisle,Double Jump and Pole Vault and Ledge Grab,,,,
Al's Space Land,Al's Space Land - Zurg Aisle - Blue Shelf before Rope - Coin,Coinsanity,0x0C7698,Zurg Aisle,Double Jump and Pole Vault and Ledge Grab,,,,
Al's Space Land,Al's Space Land - Zurg Aisle - 1st Rope Slide - Coin,Coinsanity,0x0C76A8,Zurg Aisle,Double Jump and Pole Vault and Ledge Grab,,,,
Al's Space Land,Al's Space Land - Zurg Aisle - 2nd Rope Slide - Coin,Coinsanity,0x0C76B8,Zurg Aisle,Double Jump and Pole Vault and Ledge Grab and Rope Sliding,Double Jump,,,
Al's Space Land,Al's Space Land - Zurg Aisle - Floating Zurg Robot #1 - Coin,Coinsanity,0x0C3D5A,Zurg Aisle,Double Jump and Pole Vault and Ledge Grab and Rope Sliding and (Laser or Spin),Double Jump and (Laser or Spin),,,
Al's Space Land,Al's Space Land - Zurg Aisle - Floating Zurg Robot #2 - Coin,Coinsanity,0x0C3DF2,Zurg Aisle,Double Jump and Pole Vault and Ledge Grab and Rope Sliding and (Laser or Spin),Double Jump and (Laser or Spin),,,
Al's Space Land,Al's Space Land - Zurg Aisle - Zurg Car - Coin,Coinsanity,0x0C3CC2,Zurg Aisle,Double Jump and Pole Vault and Ledge Grab and Rope Sliding and (Laser or Spin or Stomp),Double Jump and (Laser or Spin or Stomp),,,
Al's Space Land,Al's Space Land - Zurg Aisle - Between Walls of Boxes - Coin,Coinsanity,0x0C76C8,Zurg Aisle,Double Jump and Pole Vault and Ledge Grab and Rope Sliding,Double Jump,,,
Al's Space Land,Al's Space Land - Zurg Aisle - Floating Zurg Robot #3 - Coin,Coinsanity,0x0C3E8A,Zurg Aisle,Double Jump and Pole Vault and Ledge Grab and Rope Sliding and (Laser or Spin),Double Jump and (Laser or Spin),,,
Al's Space Land,Al's Space Land - Zurg Aisle - Bouncing Zurg Robot #4 - Coin,Coinsanity,0x0C3F22,Zurg Aisle,Double Jump and Pole Vault and Ledge Grab and (Laser or Spin or Stomp),Double Jump and (Laser or Spin or Stomp),,,
Al's Space Land,Al's Space Land - Arcade - Stool by Claw Machine - Coin,Coinsanity,0x0C7728,Arcade,Double Jump and Ledge Grab,,,,
Al's Space Land,Hamm's 50 Coins Token - Al's Space Land,Base AP,,,Double Jump and Ledge Grab and Pole Vault and Rope Sliding,Double Jump,,,50 Coins
Al's Space Land,Missing Toys Token - Al's Space Land,Base AP,,,,,,,5 Missing Toys
Al's Space Land,Race Token - Al's Space Land,Base AP,,,Double Jump and Ledge Grab and Rope Sliding,,,,
Al's Space Land,Hidden Token - Al's Space Land,Base AP,,,Double Jump and Ledge Grab and Stomp,Double Jump and Stomp,,,
Al's Space Land,Boss Token - Al's Space Land,Base AP,,,Push and Double Jump and Ledge Grab and Pole Climb and (Laser or Spin or Stomp),Double Jump and Ledge Grab and Pole Climb and (Laser or Spin or Stomp),,,
Al's Space Land,Alien (Ballpit) - Al's Space Land,Base AP,,,Double Jump and Ledge Grab and Pole Climb,Double Jump and Ledge Grab,,,
Al's Space Land,Alien (Planet Mobile) - Al's Space Land,Base AP,,,Push and Double Jump and Ledge Grab and Pole Climb,,,,
Al's Space Land,Alien (End of Race) - Al's Space Land,Base AP,,,Double Jump and Ledge Grab and Rope Sliding,,,,
Al's Space Land,Alien (Middle of Zurg Aisle) - Al's Space Land,Base AP,,,Double Jump and Ledge Grab and Pole Vault and Rope Sliding,Double Jump,,,
Al's Space Land,Alien (End of Zurg Aisle) - Al's Space Land,Base AP,,,Double Jump and Ledge Grab and Pole Vault and Rope Sliding,Double Jump,,,
Al's Space Land,Life (Planet Mobile) - Al's Space Land,Lifesanity,,,Push and Double Jump and Ledge Grab and Pole Climb,Double Jump and Ledge Grab and Pole Climb,,,
Al's Space Land,Green Laser - Al's Space Land,Green Laser Sanity,,,,,,,
Al's Space Land,Battery (Boss Arena) - Al's Space Land,Batterysanity,,,Push and Double Jump and Ledge Grab and Pole Climb,Double Jump and Ledge Grab and Pole Climb,,,
Al's Space Land,Battery (Arcade Cabinet) - Al's Space Land,Batterysanity,,,Double Jump and Ledge Grab,,,,
Al's Space Land,Battery (Blue Shelves) - Al's Space Land,Batterysanity,,,Double Jump and Ledge Grab and Pole Vault,,,,
Al's Space Land,Battery (Red Shelf) - Al's Space Land,Batterysanity,,,Double Jump and Ledge Grab and Pole Vault and Rope Sliding,Double Jump and Pole Vault and Ledge Grab,,,
Al's Space Land,Battery (Race Blue Shelf) - Al's Space Land,Batterysanity,,,Double Jump and Ledge Grab and Rope Sliding,,,,
Al's Space Land,Talk to Rex - Al's Space Land,Rexsanity,,,,,,,
Elevator Hop,Elevator Hop - Shaft Gr Floor - Floating Zurg Robot - Coin,Coinsanity,0x0C350A,Shaft Ground Floor,Spin or Laser,,,,
Elevator Hop,Elevator Hop - Shaft Gr Floor - Bunker near Potato Head - Coin,Coinsanity,0x0C7478,Shaft Ground Floor,,,,,
Elevator Hop,Elevator Hop - Shaft Gr Floor - Bunker near Hamm's Room - Coin,Coinsanity,0x0C7488,Shaft Ground Floor,,,,,
Elevator Hop,Elevator Hop - Shaft Gr Floor - S Shortcut Fan - Coin,Coinsanity,0x0C74E8,Shaft Ground Floor,,,,,
Elevator Hop,Elevator Hop - Shaft Gr Floor - Next to Potato Head - Coin,Coinsanity,0x0C74F8,Shaft Ground Floor,,,,,
Elevator Hop,Elevator Hop - Electrical Room - Entry - Coin,Coinsanity,0x0C7498,Electrical Room,,,,,
Elevator Hop,Elevator Hop - Electrical Room - 1st Pole - Coin,Coinsanity,0x0C74A8,Electrical Room,Double Jump,,,,
Elevator Hop,Elevator Hop - Electrical Room - 2nd Pole - Coin,Coinsanity,0x0C74C8,Electrical Room,Pole Vault and Double Jump,,,,
Elevator Hop,Elevator Hop - Electrical Room - Next to Hamm - Coin,Coinsanity,0x0C74B8,Electrical Room,Pole Vault and Double Jump and Ledge Grab,Double Jump and Pole Vault,,,
Elevator Hop,Elevator Hop - Electrical Room - End of Red Wire - Coin,Coinsanity,0x0C74D8,Electrical Room,Pole Vault and Double Jump and Rope Sliding and Ledge Grab,Double Jump and Pole Vault and Ledge Grab,,Double Jump and Pole Vault,
Elevator Hop,Elevator Hop - Vents - After 1st Climb #1 - Coin,Coinsanity,0x0C7508,Vents,Visor and Grappling Hook,,,,
Elevator Hop,Elevator Hop - Vents - Floating Zurg Robot #1 - Coin,Coinsanity,0x0C35A2,Vents,Visor and Grappling Hook and (Spin or Laser),,,,
Elevator Hop,Elevator Hop - Vents - Snake #1 - Coin,Coinsanity,0x0C363A,Vents,Visor and Grappling Hook and (Laser or Spin or Stomp),,,,
Elevator Hop,Elevator Hop - Vents - Snake #2 - Coin,Coinsanity,0x0C3472,Vents,Visor and Grappling Hook and (Laser or Spin or Stomp),,,,
Elevator Hop,Elevator Hop - Vents - Snake #3 - Coin,Coinsanity,0x0C36D2,Vents,Visor and Grappling Hook and (Laser or Spin or Stomp),,,,
Elevator Hop,Elevator Hop - Vents - After 1st Climb #2 - Coin,Coinsanity,0x0C7518,Vents,Visor and Grappling Hook,,,,
Elevator Hop,Elevator Hop - Vents - During 2nd Climb - Coin,Coinsanity,0x0C7528,Vents,Visor and Grappling Hook,,,,
Elevator Hop,Elevator Hop - Vents - Snake #4 - Coin,Coinsanity,0x0C3802,Vents,Visor and Grappling Hook and (Laser or Spin or Stomp),,,,
Elevator Hop,Elevator Hop - Vents - Snake #5 - Coin,Coinsanity,0x0C376A,Vents,Visor and Grappling Hook and (Laser or Spin or Stomp),,,,
Elevator Hop,Elevator Hop - Vents - Snake #6 - Coin,Coinsanity,0x0C389A,Vents,Visor and Grappling Hook and (Laser or Spin or Stomp),,,,
Elevator Hop,Elevator Hop - Vents - Floating Zurg Robot #2 - Coin,Coinsanity,0x0C3932,Vents,Visor and Grappling Hook and (Spin or Laser),,,,
Elevator Hop,Elevator Hop - Vents - Next to Rex - Coin,Coinsanity,0x0C7538,Vents,Visor and Grappling Hook,,,,
Elevator Hop,Elevator Hop - Vents - Before 3rd Climb - Coin,Coinsanity,0x0C7548,Vents,Visor and Grappling Hook,,,,
Elevator Hop,Elevator Hop - Vents - During 3rd Climb - Coin,Coinsanity,0x0C7558,Vents,Visor and Grappling Hook,,,,
Elevator Hop,Elevator Hop - Vents - After 3rd Climb #1 - Coin,Coinsanity,0x0C7568,Vents,Visor and Grappling Hook,,,,
Elevator Hop,Elevator Hop - Vents - Floating Zurg Robot #3 - Coin,Coinsanity,0x0C39CA,Vents,Visor and Grappling Hook and (Spin or Laser),,,,
Elevator Hop,Elevator Hop - Vents - After 3rd Climb #2 - Coin,Coinsanity,0x0C7578,Vents,Visor and Grappling Hook,,,,
Elevator Hop,Elevator Hop - Vents - Zurg Soldier #1 - Coin,Coinsanity,0x0C3A62,Vents,Visor and Grappling Hook and (Stomp or Spin),,,,
Elevator Hop,Elevator Hop - Vents - Snake #7 - Coin,Coinsanity,0x0C3AFA,Vents,Visor and Grappling Hook and (Laser or Spin or Stomp),,,,
Elevator Hop,Elevator Hop - Vents - After 3rd Climb #3 - Coin,Coinsanity,0x0C7588,Vents,Visor and Grappling Hook,,,,
Elevator Hop,Elevator Hop - Vents - Before 4th Climb - Coin,Coinsanity,0x0C7598,Vents,Visor and Grappling Hook,,,,
Elevator Hop,Elevator Hop - Vents - Zurg Soldier #2 - Coin,Coinsanity,0x0C3B92,Vents,Visor and Grappling Hook and (Stomp or Spin),,,,
Elevator Hop,Elevator Hop - Vents - During 4th Climb #1 - Coin,Coinsanity,0x0C75A8,Vents,Visor and Grappling Hook,,,,
Elevator Hop,Elevator Hop - Vents - During 4th Climb #2 - Coin,Coinsanity,0x0C75B8,Vents,Visor and Grappling Hook,,,,
Elevator Hop,Elevator Hop - Vents - After 4th Climb - Coin,Coinsanity,0x0C7608,Vents,Visor and Grappling Hook,,,,
Elevator Hop,Elevator Hop - Control Room - Next to Fan Switch - Coin,Coinsanity,0x0C7658,Control Room,Visor and Grappling Hook,,,,
Elevator Hop,Elevator Hop - Control Room - Stool Foot - Coin,Coinsanity,0x0C7648,Control Room,Visor and Grappling Hook,,,,
Elevator Hop,Elevator Hop - Control Room - Stool Seat - Coin,Coinsanity,0x0C7638,Control Room,Visor and Double Jump and Grappling Hook,,,,
Elevator Hop,Elevator Hop - Control Room - Desk - Coin,Coinsanity,0x0C7618,Control Room,Visor and Double Jump and Grappling Hook,,,,
Elevator Hop,Elevator Hop - Control Room - On Control System - Coin,Coinsanity,0x0C7628,Control Room,Visor and Double Jump and Grappling Hook,,,,
Elevator Hop,Elevator Hop - Shaft Mid Floor - Lowest S Wall - Coin,Coinsanity,0x0C7668,Shaft Mid Floor,Visor and Stomp and Double Jump and Grappling Hook,,,,
Elevator Hop,Elevator Hop - Shaft Mid Floor - S Wall opposite Control Room - Coin,Coinsanity,0x0C7678,Shaft Mid Floor,Visor and Stomp and Double Jump and Grappling Hook,,,,
Elevator Hop,Elevator Hop - Shaft Mid Floor - W Platform Near Control Room - Coin,Coinsanity,0x0C76B8,Shaft Mid Floor,Visor and Stomp and Double Jump and Grappling Hook,,,,
Elevator Hop,Elevator Hop - Shaft Mid Floor - S Wall above Race Exits #1 - Coin,Coinsanity,0x0C76A8,Shaft Mid Floor,Visor and Stomp and Double Jump and Grappling Hook,,,,
Elevator Hop,Elevator Hop - Shaft Mid Floor - S Wall above Race Exits #2 - Coin,Coinsanity,0x0C7698,Shaft Mid Floor,Visor and Stomp and Double Jump and Grappling Hook,,,,
Elevator Hop,Elevator Hop - Shaft Top Floor - Lower Pole - Coin,Coinsanity,0x0C7718,Shaft Top Floor,Visor and Stomp and Double Jump and Grappling Hook,,,,
Elevator Hop,Elevator Hop - Shaft Top Floor - Higher Pole #1 - Coin,Coinsanity,0x0C76D8,Shaft Top Floor,Visor and Stomp and Double Jump and Grappling Hook,,,,
Elevator Hop,Elevator Hop - Shaft Top Floor - Higher Pole #2 - Coin,Coinsanity,0x0C76C8,Shaft Top Floor,Visor and Stomp and Double Jump and Grappling Hook,,,,
Elevator Hop,Elevator Hop - Shaft Top Floor - Next to Race Mouse - Coin,Coinsanity,0x0C7708,Shaft Top Floor,Visor and Stomp and Double Jump and Grappling Hook,,,,
Elevator Hop,Elevator Hop - Shaft Top Floor - Next to Fan Switch - Coin,Coinsanity,0x0C76E8,Shaft Top Floor,Visor and Stomp and Double Jump and Grappling Hook,,,,
Elevator Hop,Elevator Hop - Shaft Top Floor - Boss Entryway - Coin,Coinsanity,0x0C76F8,Shaft Top Floor,Visor and Stomp and Double Jump and Grappling Hook,,,,
Elevator Hop,Elevator Hop - Boss Arena - Spider Gunro - Coin,Coinsanity,0x0C3374,Boss Arena,Visor and Double Jump and Stomp and Grappling Hook and (Laser or Spin),,,,
Elevator Hop,Elevator Hop - Token Race - Main Path #1 - Coin,Coinsanity,0x0C7728,Shaft Top Floor,Visor and Stomp and Double Jump and Grappling Hook,,,,
Elevator Hop,Elevator Hop - Token Race - Main Path #2 - Coin,Coinsanity,0x0C7738,Shaft Top Floor,Visor and Stomp and Double Jump and Grappling Hook,,,,
Elevator Hop,Elevator Hop - Token Race - 2nd Exit - Coin,Coinsanity,0x0C7688,Shaft Top Floor,Visor and Stomp and Double Jump and Grappling Hook,,,,
Elevator Hop,Elevator Hop - Token Race - Main Path #3 - Coin,Coinsanity,0x0C7748,Shaft Top Floor,Visor and Stomp and Double Jump and Grappling Hook,,,,
Elevator Hop,Elevator Hop - Token Race - Main Path #4 - Coin,Coinsanity,0x0C7758,Shaft Top Floor,Visor and Stomp and Double Jump and Grappling Hook,,,,
Elevator Hop,Elevator Hop - Token Race - Main Path #5 - Coin,Coinsanity,0x0C7768,Shaft Top Floor,Visor and Stomp and Double Jump and Grappling Hook,,,,
Elevator Hop,Elevator Hop - Token Race - Main Path #6 - Coin,Coinsanity,0x0C7778,Shaft Top Floor,Visor and Stomp and Double Jump and Grappling Hook,,,,
Elevator Hop,Elevator Hop - Token Race - 3rd Exit #1 - Coin,Coinsanity,0x0C75F8,Shaft Top Floor,Visor and Stomp and Double Jump and Grappling Hook,,,,
Elevator Hop,Elevator Hop - Token Race - 3rd Exit #2 - Coin,Coinsanity,0x0C75E8,Shaft Top Floor,Visor and Stomp and Double Jump and Grappling Hook,,,,
Elevator Hop,Elevator Hop - Token Race - Main Path #7 - Coin,Coinsanity,0x0C75D8,Shaft Top Floor,Visor and Stomp and Double Jump and Grappling Hook,,,,
Elevator Hop,Elevator Hop - Token Race - Main Path #8 - Coin,Coinsanity,0x0C75C8,Shaft Top Floor,Visor and Stomp and Double Jump and Grappling Hook,,,,
Elevator Hop,Hamm's 50 Coins Token - Elevator Hop,Base AP,,,Double Jump and Pole Vault and Ledge Grab,Double Jump and Pole Vault,,,50 Coins
Elevator Hop,Missing Toys Token - Elevator Hop,Base AP,,,Visor and Grappling Hook,,,,5 Missing Toys
Elevator Hop,Race Token - Elevator Hop,Base AP,,,Visor and Double Jump and Stomp and Grappling Hook,,,,
Elevator Hop,Hidden Token - Elevator Hop,Base AP,,,Visor and Double Jump and Stomp and Grappling Hook,,,,
Elevator Hop,Boss Token - Elevator Hop,Base AP,,,Visor and Double Jump and Stomp and Grappling Hook and (Laser or Spin),,,,
Elevator Hop,Mouse (Electrical Room) - Elevator Hop,Base AP,,,Pole Vault and Double Jump and Rope Sliding and Ledge Grab,Double Jump and Pole Vault and Ledge Grab,,Double Jump and Pole Vault,
Elevator Hop,Mouse (Next to Rex) - Elevator Hop,Base AP,,,Visor and Grappling Hook,,,,
Elevator Hop,Mouse (Control Room) - Elevator Hop,Base AP,,,Visor and Double Jump and Grappling Hook,,,,
Elevator Hop,Mouse (Side of Elevator Shaft) - Elevator Hop,Base AP,,,Visor and Stomp and Double Jump and Grappling Hook,,,,
Elevator Hop,Mouse (Top of Elevator) - Elevator Hop,Base AP,,,Visor and Double Jump and Stomp and Grappling Hook,,,,
Elevator Hop,Missing Foot,Base AP,,,Pole Vault and Double Jump and Rope Sliding and Ledge Grab,Double Jump and Pole Vault and Ledge Grab,,Double Jump and Pole Vault,
Elevator Hop,Give Potato Head His Foot,Base AP,,,,,,,Missing Foot
Elevator Hop,Green Laser - Elevator Hop,Green Laser Sanity,,,Visor and Grappling Hook,,,,
Elevator Hop,Talk to Rex - Elevator Hop,Rexsanity,,,Visor and Grappling Hook,,,,
Elevator Hop,Elevator Hop - Hint Block (East Shortcut Fan),Hint Block Sanity,,,,,,,
Elevator Hop,Elevator Hop - Hint Block (West Shortcut Fan),Hint Block Sanity,,,,,,,
Elevator Hop,Elevator Hop - Hint Block (Control Room),Hint Block Sanity,,,Visor and Double Jump and Grappling Hook,,,,
Al's Penthouse,Al's Penthouse - Bedroom - Behind Door - Coin,Coinsanity,0x0C7648,Bedroom,,,,,
Al's Penthouse,Al's Penthouse - Woody Room - Center Table - Coin,Coinsanity,0x0C7688,Woody Room,,,,,
Al's Penthouse,Al's Penthouse - Hallway - Vulture - Coin,Coinsanity,0x0C4182,Hallway,Laser or Spin or Stomp,,,,
Al's Penthouse,Al's Penthouse - Bedroom - Vulture - Coin,Coinsanity,0x0C3D5A,Bedroom,Laser or Spin or Stomp,,,,
Al's Penthouse,Al's Penthouse - Bedroom - Gunman #1 - Coin,Coinsanity,0x0C3CC2,Bedroom,Laser or Spin or Stomp,,,,
Al's Penthouse,Al's Penthouse - Bedroom - Gunman #2 - Coin,Coinsanity,0x0C3C2A,Bedroom,Laser or Spin or Stomp,,,,
Al's Penthouse,Al's Penthouse - Kitchen - Gunman #1 - Coin,Coinsanity,0x0C389A,Kitchen,Laser or Spin or Stomp,,,,
Al's Penthouse,Al's Penthouse - Kitchen - Snake #1 - Coin,Coinsanity,0x0C3932,Kitchen,Laser or Spin or Stomp,,,,
Al's Penthouse,Al's Penthouse - Living Room - Vulture #1 - Coin,Coinsanity,0x0C33DA,Living Room,Laser or Spin or Stomp,,,,
Al's Penthouse,Al's Penthouse - Woody Room - Gunman #1 - Coin,Coinsanity,0x0C3DF2,Woody Room,Laser or Spin or Stomp,,,,
Al's Penthouse,Al's Penthouse - Woody Room - Gunman #2 - Coin,Coinsanity,0x0C3E8A,Woody Room,Laser or Spin or Stomp,,,,
Al's Penthouse,Al's Penthouse - Living Room - Table with Cannon - Coin,Coinsanity,0x0C74A8,Living Room,Double Jump and Ledge Grab,Double Jump,,,
Al's Penthouse,Al's Penthouse - Living Room - Table by Couch - Coin,Coinsanity,0x0C74E8,Living Room,Ledge Grab,,,,
Al's Penthouse,Al's Penthouse - Living Room - Snake #1 - Coin,Coinsanity,0x0C376A,Living Room,Ledge Grab and (Laser or Spin or Stomp),Double Jump and (Laser or Spin or Stomp),,,
Al's Penthouse,Al's Penthouse - Living Room - East Railing - Coin,Coinsanity,0x0C7478,Living Room,Double Jump and Ledge Grab,,,,
Al's Penthouse,Al's Penthouse - Living Room - Between Railings - Coin,Coinsanity,0x0C7488,Living Room,Double Jump and Ledge Grab,,,,
Al's Penthouse,Al's Penthouse - Living Room - West Railing - Coin,Coinsanity,0x0C7498,Living Room,Double Jump and Ledge Grab,,,,
Al's Penthouse,Al's Penthouse - Living Room - Fireplace Mantel #1 - Coin,Coinsanity,0x0C74F8,Living Room,Double Jump and Ledge Grab,,,,
Al's Penthouse,Al's Penthouse - Living Room - Fireplace Mantel #2 - Coin,Coinsanity,0x0C7508,Living Room,Double Jump and Ledge Grab,,,,
Al's Penthouse,Al's Penthouse - Living Room - Snake #2 - Coin,Coinsanity,0x0C36D2,Living Room,Double Jump and Ledge Grab and (Laser or Spin or Stomp),,,,
Al's Penthouse,Al's Penthouse - Living Room - Long Upper Shelf #1 - Coin,Coinsanity,0x0C74B8,Living Room,Double Jump and Ledge Grab and Pole Climb,,,,
Al's Penthouse,Al's Penthouse - Living Room - Vulture #2 - Coin,Coinsanity,0x0C3A6E,Living Room,Double Jump and Ledge Grab and Pole Climb and (Laser or Spin or Stomp),,,,
Al's Penthouse,Al's Penthouse - Living Room - Long Upper Shelf #2 - Coin,Coinsanity,0x0C74C8,Living Room,Double Jump and Ledge Grab and Pole Climb,,,,
Al's Penthouse,Al's Penthouse - Living Room - Long Upper Shelf #3 - Coin,Coinsanity,0x0C74D8,Living Room,Double Jump and Ledge Grab and Pole Climb,,,,
Al's Penthouse,Al's Penthouse - Living Room - Cannon Kill Switch - Coin,Coinsanity,0x0C7518,Living Room,Double Jump and Ledge Grab and Pole Climb and Pole Vault,Double Jump and Ledge Grab and Pole Climb,,,
Al's Penthouse,Al's Penthouse - Kitchen - Fridge Door - Coin,Coinsanity,0x0C2CEC,Kitchen,Laser and Visor,,,,
Al's Penthouse,Al's Penthouse - Kitchen - Jesse Countertop #1 - Coin,Coinsanity,0x0C7528,Kitchen,Laser and Visor and Double Jump,,,,
Al's Penthouse,Al's Penthouse - Kitchen - Jesse Countertop #2 - Coin,Coinsanity,0x0C75A8,Kitchen,Laser and Visor and Double Jump,,,,
Al's Penthouse,Al's Penthouse - Kitchen - By Scale - Coin,Coinsanity,0x0C7598,Kitchen,Laser and Visor and Double Jump,,,,
Al's Penthouse,Al's Penthouse - Kitchen - Snake #2 - Coin,Coinsanity,0x0C3AFA,Kitchen,Laser and Stomp and Visor and Double Jump,Laser and Visor and Double Jump,,,
Al's Penthouse,Al's Penthouse - Kitchen - Top of Fridge - Coin,Coinsanity,0x0C7538,Kitchen,Laser and Stomp and Visor and Pole Climb and Double Jump,,,,
Al's Penthouse,Al's Penthouse - Kitchen - East High Shelf - Coin,Coinsanity,0x0C7548,Kitchen,Laser and Stomp and Visor and Pole Climb and Double Jump,,,,
Al's Penthouse,Al's Penthouse - Kitchen - Critter Shelf - Coin,Coinsanity,0x0C7588,Kitchen,Laser and Stomp and Visor and Pole Climb and Double Jump,Laser and Visor and Double Jump,,,
Al's Penthouse,Al's Penthouse - Kitchen - Snake #3 - Coin,Coinsanity,0x0C3B92,Kitchen,Laser and Stomp and Visor and Pole Climb and Double Jump,,,,
Al's Penthouse,Al's Penthouse - Kitchen - Gunman #2 - Coin,Coinsanity,0x0C39CA,Kitchen,Laser and Visor and Double Jump,,,,
Al's Penthouse,Al's Penthouse - Kitchen - Vulture - Coin,Coinsanity,0x0C3A62,Kitchen,Laser and Visor and Double Jump,,,,
Al's Penthouse,Al's Penthouse - Kitchen - Stove #1 - Coin,Coinsanity,0x0C7578,Kitchen,Laser and Visor and Double Jump,,,,
Al's Penthouse,Al's Penthouse - Kitchen - Stove #2 - Coin,Coinsanity,0x0C7568,Kitchen,Laser and Visor and Double Jump,,,,
Al's Penthouse,Al's Penthouse - Kitchen - By Coffee Maker - Coin,Coinsanity,0x0C7558,Kitchen,Laser and Visor and Double Jump,,,,
Al's Penthouse,Al's Penthouse - Living Room - Bathroom Lock - Coin,Coinsanity,0x0C3472,Living Room,Laser and (Double Jump or Visor),Spin or (Double Jump and Ledge Grab and Stomp),,,
Al's Penthouse,Al's Penthouse - Bathroom - Gunman - Coin,Coinsanity,0x0C421A,Bathroom,Laser and (Double Jump or Visor),Spin or (Double Jump and Ledge Grab and Stomp),,,
Al's Penthouse,Al's Penthouse - Bathroom - Floor near Sponges #1 - Coin,Coinsanity,0x0C7768,Bathroom,Laser and (Double Jump or Visor),Spin or (Double Jump and Ledge Grab and Stomp),,,
Al's Penthouse,Al's Penthouse - Bathroom - Floor near Sponges #2 - Coin,Coinsanity,0x0C7758,Bathroom,Laser and (Double Jump or Visor),Spin or (Double Jump and Ledge Grab and Stomp),,,
Al's Penthouse,Al's Penthouse - Bathroom - Counter #1 - Coin,Coinsanity,0x0C76F8,Bathroom,(Laser and Double Jump and Stomp) or (Laser and Visor and Ledge Grab and Stomp),Double Jump,,,
Al's Penthouse,Al's Penthouse - Bathroom - Counter #2 - Coin,Coinsanity,0x0C7708,Bathroom,(Laser and Double Jump and Stomp) or (Laser and Visor and Ledge Grab and Stomp),Double Jump,,,
Al's Penthouse,Al's Penthouse - Bathroom - Cannon Kill Switch - Coin,Coinsanity,0x0C7778,Bathroom,Laser and Stomp and Double Jump and Ledge Grab,Double Jump and Ledge Grab and Stomp,,,
Al's Penthouse,Al's Penthouse - Bathroom - Near Showerhead - Coin,Coinsanity,0x0C7788,Bathroom,Laser and Stomp and Double Jump and Ledge Grab,Double Jump and Ledge Grab and Stomp,,,
Al's Penthouse,Al's Penthouse - Bathroom - Cabinet #1 - Coin,Coinsanity,0x0C7728,Bathroom,Laser and Stomp and Double Jump and Ledge Grab,Double Jump and Ledge Grab and Stomp,,,
Al's Penthouse,Al's Penthouse - Bathroom - Cabinet #2 - Coin,Coinsanity,0x0C7738,Bathroom,Laser and Stomp and Double Jump and Ledge Grab,Double Jump and Ledge Grab and Stomp,,,
Al's Penthouse,Al's Penthouse - Bathroom - Next to Cannon - Coin,Coinsanity,0x0C7748,Bathroom,Laser and Stomp and Double Jump and Ledge Grab,Double Jump and Ledge Grab and Stomp,,,
Al's Penthouse,Al's Penthouse - Bedroom - On Bed - Coin,Coinsanity,0x0C75B8,Bedroom,Push and Double Jump and Ledge Grab,,,,
Al's Penthouse,Al's Penthouse - Bedroom - Left Pillow - Coin,Coinsanity,0x0C75F8,Bedroom,Push and Double Jump and Ledge Grab,,,,
Al's Penthouse,Al's Penthouse - Bedroom - Right Pillow - Coin,Coinsanity,0x0C7608,Bedroom,Push and Double Jump and Ledge Grab,,,,
Al's Penthouse,Al's Penthouse - Bedroom - 1st Train Switch - Coin,Coinsanity,0x0C7618,Bedroom,Push and Double Jump and Ledge Grab,,,,
Al's Penthouse,Al's Penthouse - Bedroom - 2nd Train Switch - Coin,Coinsanity,0x0C7628,Bedroom,Push and Double Jump and Ledge Grab,,,,
Al's Penthouse,Al's Penthouse - Bedroom - 3rd Train Switch - Coin,Coinsanity,0x0C7638,Bedroom,Push and Double Jump and Ledge Grab,,,,
Al's Penthouse,Al's Penthouse - Bedroom - Train Bed Roof #1 - Coin,Coinsanity,0x0C75E8,Bedroom,Push and Double Jump and Ledge Grab and Stomp,Push and Double Jump and Ledge Grab,,,
Al's Penthouse,Al's Penthouse - Bedroom - Train Bed Roof #2 - Coin,Coinsanity,0x0C75D8,Bedroom,Push and Double Jump and Ledge Grab and Stomp,Push and Double Jump and Ledge Grab,,,
Al's Penthouse,Al's Penthouse - Bedroom - Train Bed Roof #3 - Coin,Coinsanity,0x0C75C8,Bedroom,Push and Double Jump and Ledge Grab and Stomp,Push and Double Jump and Ledge Grab,,,
Al's Penthouse,Al's Penthouse - Woody Room - Above Lunchbox - Coin,Coinsanity,0x0C76C8,Woody Room,Push and Double Jump and Ledge Grab,,,,
Al's Penthouse,Al's Penthouse - Woody Room - Above West Display #1 - Coin,Coinsanity,0x0C76D8,Woody Room,Push and Double Jump and Ledge Grab,,,,
Al's Penthouse,Al's Penthouse - Woody Room - Above West Display #2 - Coin,Coinsanity,0x0C76E8,Woody Room,Push and Double Jump and Ledge Grab,,,,
Al's Penthouse,Al's Penthouse - Woody Room - Vulture #1 - Coin,Coinsanity,0x0C3FBA,Woody Room,Push and Double Jump and Ledge Grab and (Laser or Spin or Stomp),,,,
Al's Penthouse,Al's Penthouse - Woody Room - Vulture #2 - Coin,Coinsanity,0x0C40EA,Woody Room,Push and Double Jump and Ledge Grab and (Laser or Spin or Stomp),,,,
Al's Penthouse,Al's Penthouse - Woody Room - Snake #1 - Coin,Coinsanity,0x0C3F22,Woody Room,Push and Double Jump and Ledge Grab and (Laser or Spin or Stomp),,,,
Al's Penthouse,Al's Penthouse - Woody Room - TV - Coin,Coinsanity,0x0C76B8,Woody Room,Push and Double Jump and Ledge Grab,,,,
Al's Penthouse,Al's Penthouse - Woody Room - Snake #2 - Coin,Coinsanity,0x0C4052,Woody Room,Push and Double Jump and Ledge Grab and (Laser or Spin or Stomp),,,,
Al's Penthouse,Al's Penthouse - Woody Room - Above North Display - Coin,Coinsanity,0x0C76A8,Woody Room,Push and Double Jump and Ledge Grab,,,,
Al's Penthouse,Al's Penthouse - Woody Room - Cannon Kill Switch - Coin,Coinsanity,0x0C7698,Woody Room,Push and Double Jump and Ledge Grab,,,,
Al's Penthouse,Al's Penthouse - Woody Room - Boss Arena #1 - Coin,Coinsanity,0x0C7658,Woody Room,Push and Double Jump and Ledge Grab,,,,
Al's Penthouse,Al's Penthouse - Woody Room - Boss Arena #2 - Coin,Coinsanity,0x0C7668,Woody Room,Push and Double Jump and Ledge Grab,,,,
Al's Penthouse,Al's Penthouse - Woody Room - Boss Arena #3 - Coin,Coinsanity,0x0C7678,Woody Room,Push and Double Jump and Ledge Grab,,,,
Al's Penthouse,Hamm's 50 Coins Token - Al's Penthouse,Base AP,,,Laser and (Double Jump or Visor),Spin or (Double Jump and Ledge Grab and Stomp),,,50 Coins
Al's Penthouse,Missing Toys Token - Al's Penthouse,Base AP,,,Visor and Laser and Double Jump,,,,5 Missing Toys
Al's Penthouse,Race Token - Al's Penthouse,Base AP,,,Ledge Grab,Double Jump,,,
Al's Penthouse,Hidden Token - Al's Penthouse,Base AP,,,Push and Double Jump and Ledge Grab and Stomp,Push and Double Jump and Ledge Grab,,,
Al's Penthouse,Boss Token - Al's Penthouse,Base AP,,,Push and Double Jump and Ledge Grab and (Laser or Spin or Stomp),,,,
Al's Penthouse,Critter (Living Room) - Al's Penthouse,Base AP,,,Double Jump and Ledge Grab and Pole Climb and Pole Vault,Double Jump and Ledge Grab and Pole Climb,,,
Al's Penthouse,Critter (Kitchen) - Al's Penthouse,Base AP,,,Laser and Stomp and Visor and Pole Climb and Double Jump,Laser and Visor and Double Jump,,,
Al's Penthouse,Critter (Bathoom) - Al's Penthouse,Base AP,,,Laser and Stomp and Double Jump and Ledge Grab,Double Jump and Ledge Grab and Stomp,,,
Al's Penthouse,Critter (Train Bed) - Al's Penthouse,Base AP,,,Push and Double Jump and Ledge Grab,Push and Double Jump and Ledge Grab,,,
Al's Penthouse,Critter (Woody Room) - Al's Penthouse,Base AP,,,Push and Double Jump and Ledge Grab,,,,
Al's Penthouse,Life (Fireplace) - Al's Penthouse,Lifesanity,,,Cosmic Shield,,,,
Al's Penthouse,Green Laser - Al's Penthouse,Green Laser Sanity,,,Double Jump and Ledge Grab and Pole Climb,,,,
Al's Penthouse,Battery (Under Table) - Al's Penthouse,Batterysanity,,,,,,,
Al's Penthouse,Battery (Bathroom) - Al's Penthouse,Batterysanity,,,Laser and Stomp and Double Jump and Ledge Grab,Double Jump and Ledge Grab and Stomp,,,
Al's Penthouse,Battery (Kitchen) - Al's Penthouse,Batterysanity,,,,,,,
Al's Penthouse,Battery (Train Bed) - Al's Penthouse,Batterysanity,,,Push and Double Jump and Ledge Grab and Stomp,,,,
Al's Penthouse,Battery (Television) - Al's Penthouse,Batterysanity,,,Push and Double Jump and Ledge Grab,,,,
Al's Penthouse,Talk to Rex - Al's Penthouse,Rexsanity,,,,,,,
Al's Penthouse,Al's Penthouse - Hint Block (Bathtub),Hint Block Sanity,,,Laser and (Double Jump or Visor),Spin or (Double Jump and Ledge Grab and Stomp),,,
Al's Penthouse,Al's Penthouse - Hint Block (Train Bed),Hint Block Sanity,,,Push and Double Jump and Ledge Grab,Push and Double Jump and Ledge Grab,,,
Airport Infiltration,Airport Infiltration - Starting Room - Near Start #1 - Coin,Coinsanity,0x0C7498,Starting Room,,,,,
Airport Infiltration,Airport Infiltration - Starting Room - Near Start #2 - Coin,Coinsanity,0x0C74E8,Starting Room,,,,,
Airport Infiltration,Airport Infiltration - Starting Room - Between Snakes - Coin,Coinsanity,0x0C74F8,Starting Room,,,,,
Airport Infiltration,Airport Infiltration - Starting Room - Suitcase on Floor - Coin,Coinsanity,0x0C7508,Starting Room,,,,,
Airport Infiltration,Airport Infiltration - Starting Room - Gunman #1 - Coin,Coinsanity,0x0C3472,Starting Room,Laser or Spin or Stomp,,,,
Airport Infiltration,Airport Infiltration - Starting Room - Gunman #2 - Coin,Coinsanity,0x0C350A,Starting Room,Laser or Spin or Stomp,,,,
Airport Infiltration,Airport Infiltration - Starting Room - Gunman #3 - Coin,Coinsanity,0x0C35A2,Starting Room,Laser or Spin or Stomp,,,,
Airport Infiltration,Airport Infiltration - Starting Room - Snake #1 - Coin,Coinsanity,0x0C376A,Starting Room,Laser or Spin or Stomp,,,,
Airport Infiltration,Airport Infiltration - Starting Room - Snake #2 - Coin,Coinsanity,0x0C36D2,Starting Room,Laser or Spin or Stomp,,,,
Airport Infiltration,Airport Infiltration - Starting Room - Snake #3 - Coin,Coinsanity,0x0C363A,Starting Room,Laser or Spin or Stomp,,,,
Airport Infiltration,Airport Infiltration - Starting Room - 1st Conveyor Belt - Coin,Coinsanity,0x0C7518,Starting Room,Stomp,,,,
Airport Infiltration,Airport Infiltration - Starting Room - Vulture - Coin,Coinsanity,0x0C3802,Starting Room,Stomp and Double Jump and Pole Vault,,Double Jump and Stomp,,
Airport Infiltration,Airport Infiltration - C.Belt Room - Vulture #1 - Coin,Coinsanity,0x0C389A,Conveyor Belt Room,Stomp and Double Jump and Pole Vault,,Double Jump and Stomp,,
Airport Infiltration,Airport Infiltration - C.Belt Room - Snake - Coin,Coinsanity,0x0C39CA,Conveyor Belt Room,Stomp and Double Jump and Pole Vault,,Double Jump and Stomp,,
Airport Infiltration,Airport Infiltration - C.Belt Room - Gunman #1 - Coin,Coinsanity,0x0C3932,Conveyor Belt Room,Stomp and Double Jump and Pole Vault,,Double Jump and Stomp,,
Airport Infiltration,Airport Infiltration - C.Belt Room - Gunman #2 - Coin,Coinsanity,0x0C3B92,Conveyor Belt Room,Stomp and Double Jump and Pole Vault,,Double Jump and Stomp,,
Airport Infiltration,Airport Infiltration - C.Belt Room - Gunman #3 - Coin,Coinsanity,0x0C3C2A,Conveyor Belt Room,Stomp and Double Jump and Pole Vault,,Double Jump and Stomp,,
Airport Infiltration,Airport Infiltration - Airplane Room - Gunman #1 - Coin,Coinsanity,0x0C3FBA,Airplane Room,Stomp and Double Jump and Pole Vault,,Double Jump and Stomp,,
Airport Infiltration,Airport Infiltration - Airplane Room - Gunman #2 - Coin,Coinsanity,0x0C3F22,Airplane Room,Stomp and Double Jump and Pole Vault,,Double Jump and Stomp,,
Airport Infiltration,Airport Infiltration - Airplane Room - Gunman #3 - Coin,Coinsanity,0x0C3E8A,Airplane Room,Stomp and Double Jump and Pole Vault,,Double Jump and Stomp,,
Airport Infiltration,Airport Infiltration - Luggage Room - Vulture #1 - Coin,Coinsanity,0x0C3A62,Luggage Room,Stomp and Double Jump and Pole Vault,,Double Jump and Stomp,,
Airport Infiltration,Airport Infiltration - Luggage Room - Vulture #2 - Coin,Coinsanity,0x0C3AFA,Luggage Room,Stomp and Double Jump and Pole Vault,,Double Jump and Stomp,,
Airport Infiltration,Airport Infiltration - Starting Room - 2nd Conveyor Belt - Coin,Coinsanity,0x0C74D8,Starting Room,Stomp and Double Jump and Pole Vault,,Double Jump and Stomp,,
Airport Infiltration,Airport Infiltration - Starting Room - 3rd Conveyor Belt #1 - Coin,Coinsanity,0x0C74A8,Starting Room,Stomp and Double Jump and Pole Vault,,Double Jump and Stomp,,
Airport Infiltration,Airport Infiltration - Starting Room - 3rd Conveyor Belt #2 - Coin,Coinsanity,0x0C7528,Starting Room,Stomp and Double Jump and Pole Vault,,Double Jump and Stomp,,
Airport Infiltration,Airport Infiltration - C.Belt Room - Entry Conveyor Belt - Coin,Coinsanity,0x0C7538,Conveyor Belt Room,Stomp and Double Jump and Pole Vault,,Double Jump and Stomp,,
Airport Infiltration,Airport Infiltration - Starting Room - Near Hamm - Coin,Coinsanity,0x0C7478,Starting Room,Stomp and Double Jump and Pole Vault,,Double Jump and Stomp,,
Airport Infiltration,Airport Infiltration - Starting Room - 1st X-Ray - Coin,Coinsanity,0x0C7488,Starting Room,Stomp and Double Jump and Pole Vault,,Double Jump and Stomp,,
Airport Infiltration,Airport Infiltration - Starting Room - 2nd X-Ray - Coin,Coinsanity,0x0C74B8,Starting Room,Stomp and Double Jump and Pole Vault,,Double Jump and Stomp,,
Airport Infiltration,Airport Infiltration - Starting Room - 3rd X-Ray - Coin,Coinsanity,0x0C74C8,Starting Room,Stomp and Double Jump and Pole Vault,,Double Jump and Stomp,,
Airport Infiltration,Airport Infiltration - C.Belt Room - Under Entry Conveyor Belt - Coin,Coinsanity,0x0C7548,Conveyor Belt Room,Stomp and Double Jump and Pole Vault,,Double Jump and Stomp,,
Airport Infiltration,Airport Infiltration - Luggage Room - SE Corner - Coin,Coinsanity,0x0C7748,Luggage Room,Stomp and Double Jump and Pole Vault,,Double Jump and Stomp,,
Airport Infiltration,Airport Infiltration - Luggage Room - By Metal Doors - Coin,Coinsanity,0x0C7788,Luggage Room,Stomp and Double Jump and Pole Vault,,Double Jump and Stomp,,
Airport Infiltration,Airport Infiltration - Luggage Room - Canadian Cargo - Coin,Coinsanity,0x0C7778,Luggage Room,Stomp and Double Jump and Pole Vault,,Double Jump and Stomp,,
Airport Infiltration,Airport Infiltration - Luggage Room - Lower East Suitcase - Coin,Coinsanity,0x0C7768,Luggage Room,Stomp and Double Jump and Pole Vault,,Double Jump and Stomp,,
Airport Infiltration,Airport Infiltration - C.Belt Room - Near Airplane Room - Coin,Coinsanity,0x0C7628,Conveyor Belt Room,Stomp and Double Jump and Pole Vault,,Double Jump and Stomp,,
Airport Infiltration,Airport Infiltration - Airplane Room - NW Corner - Coin,Coinsanity,0x0C7638,Airplane Room,Stomp and Double Jump and Pole Vault,,Double Jump and Stomp,,
Airport Infiltration,Airport Infiltration - Airplane Room - Oil Spill near NW - Coin,Coinsanity,0x0C7648,Airplane Room,Stomp and Double Jump and Pole Vault,,Double Jump and Stomp,,
Airport Infiltration,Airport Infiltration - Airplane Room - Oil Spill near Green Laser - Coin,Coinsanity,0x0C7658,Airplane Room,Stomp and Double Jump and Pole Vault,,Double Jump and Stomp,,
Airport Infiltration,Airport Infiltration - Airplane Room - Snake #1 - Coin,Coinsanity,0x0C4052,Airplane Room,Stomp and Double Jump and Pole Vault and Ledge Grab,,Double Jump and Stomp and Ledge Grab,,
Airport Infiltration,Airport Infiltration - Airplane Room - Snake #2 - Coin,Coinsanity,0x0C40EA,Airplane Room,Stomp and Double Jump and Pole Vault and Ledge Grab,,Double Jump and Stomp and Ledge Grab,,
Airport Infiltration,Airport Infiltration - Airplane Room - Pushable Wheel - Coin,Coinsanity,0x0C7688,Airplane Room,Stomp and Double Jump and Pole Vault and Ledge Grab,,Double Jump and Stomp and Ledge Grab,,
Airport Infiltration,Airport Infiltration - Airplane Room - 1st Wing Seesaw - Coin,Coinsanity,0x0C7698,Airplane Room,Stomp and Double Jump and Pole Vault and Ledge Grab,,Double Jump and Stomp and Ledge Grab,,
Airport Infiltration,Airport Infiltration - Airplane Room - 2nd Wing Seesaw - Coin,Coinsanity,0x0C76B8,Airplane Room,Stomp and Double Jump and Pole Vault and Ledge Grab,,Double Jump and Stomp and Ledge Grab,,
Airport Infiltration,Airport Infiltration - Airplane Room - Lower Red Tail Wing - Coin,Coinsanity,0x0C76D8,Airplane Room,Stomp and Double Jump and Pole Vault and Ledge Grab,,Double Jump and Stomp and Ledge Grab,,
Airport Infiltration,Airport Infiltration - Airplane Room - Upper Red Tail Wing #1 - Coin,Coinsanity,0x0C76E8,Airplane Room,Stomp and Double Jump and Pole Vault and Ledge Grab,,Double Jump and Stomp and Ledge Grab,,
Airport Infiltration,Airport Infiltration - Airplane Room - Upper Red Tail Wing #2 - Coin,Coinsanity,0x0C7668,Airplane Room,Stomp and Double Jump and Pole Vault and Ledge Grab,,Double Jump and Stomp and Ledge Grab,,
Airport Infiltration,Airport Infiltration - Airplane Room - East Scaffolding - Coin,Coinsanity,0x0C76F8,Airplane Room,Stomp and Double Jump and Pole Vault and Ledge Grab,,Double Jump and Stomp and Ledge Grab,,
Airport Infiltration,Airport Infiltration - Airplane Room - East Scaffolding Steps - Coin,Coinsanity,0x0C7708,Airplane Room,Stomp and Double Jump and Pole Vault and Ledge Grab,,Double Jump and Stomp and Ledge Grab,,
Airport Infiltration,Airport Infiltration - Airplane Room - Platform by Cockpit - Coin,Coinsanity,0x0C7738,Airplane Room,Stomp and Double Jump and Pole Vault and Ledge Grab,,Double Jump and Stomp and Ledge Grab,,
Airport Infiltration,Airport Infiltration - Airplane Room - Snake #3 - Coin,Coinsanity,0x0C4182,Airplane Room,Stomp and Double Jump and Pole Vault and Ledge Grab and Pole Climb,,Double Jump and Stomp and Ledge Grab and Pole Climb,,
Airport Infiltration,Airport Infiltration - Airplane Room - West Scaffolding Steps - Coin,Coinsanity,0x0C7728,Airplane Room,Stomp and Double Jump and Pole Vault and Ledge Grab and Pole Climb,,Double Jump and Stomp and Ledge Grab and Pole Climb,,
Airport Infiltration,Airport Infiltration - Airplane Room - Scaffolding over Passenger - Coin,Coinsanity,0x0C76A8,Airplane Room,Stomp and Double Jump and Pole Vault and Ledge Grab and Pole Climb,,Double Jump and Stomp and Ledge Grab and Pole Climb,,
Airport Infiltration,Airport Infiltration - Airplane Room - NE Corner - Coin,Coinsanity,0x0C76C8,Airplane Room,Stomp and Double Jump and Pole Vault,,Double Jump and Stomp,,
Airport Infiltration,Airport Infiltration - Airplane Room - Near SE Corner - Coin,Coinsanity,0x0C7678,Airplane Room,Stomp and Double Jump and Pole Vault,,Double Jump and Stomp,,
Airport Infiltration,Airport Infiltration - C.Belt Room - 2nd Floor Belt #1 - Coin,Coinsanity,0x0C7558,Conveyor Belt Room,Stomp and Double Jump and Pole Vault,,Double Jump and Stomp,,
Airport Infiltration,Airport Infiltration - C.Belt Room - 2nd Floor Belt #2 - Coin,Coinsanity,0x0C7568,Conveyor Belt Room,Stomp and Double Jump and Pole Vault,,Double Jump and Stomp,,
Airport Infiltration,Airport Infiltration - C.Belt Room - 2nd Floor Belt #3 - Coin,Coinsanity,0x0C7578,Conveyor Belt Room,Stomp and Double Jump and Pole Vault,,Double Jump and Stomp,,
Airport Infiltration,Airport Infiltration - C.Belt Room - 3rd Floor Belts #1 - Coin,Coinsanity,0x0C75F8,Conveyor Belt Room,Stomp and Double Jump and Pole Vault,,Double Jump and Stomp,,
Airport Infiltration,Airport Infiltration - C.Belt Room - 3rd Floor Belts #2 - Coin,Coinsanity,0x0C75E8,Conveyor Belt Room,Stomp and Double Jump and Pole Vault,,Double Jump and Stomp,,
Airport Infiltration,Airport Infiltration - C.Belt Room - Gunman #4 - Coin,Coinsanity,0x0C3CC2,Conveyor Belt Room,Stomp and Double Jump and Pole Vault and Pole Climb,,Double Jump and Stomp and Pole Climb,,
Airport Infiltration,Airport Infiltration - C.Belt Room - Gunman #5 - Coin,Coinsanity,0x0C3DF2,Conveyor Belt Room,Stomp and Double Jump and Pole Vault and Pole Climb,,Double Jump and Stomp and Pole Climb,,
Airport Infiltration,Airport Infiltration - C.Belt Room - Vulture #2 - Coin,Coinsanity,0x0C3D5A,Conveyor Belt Room,Stomp and Double Jump and Pole Vault and Pole Climb,,Double Jump and Stomp and Pole Climb,,
Airport Infiltration,Airport Infiltration - C.Belt Room - 4th Floor Belts #1 - Coin,Coinsanity,0x0C7588,Conveyor Belt Room,Stomp and Double Jump and Pole Vault and Pole Climb,,Double Jump and Stomp and Pole Climb,,
Airport Infiltration,Airport Infiltration - C.Belt Room - 4th Floor Belts #2 - Coin,Coinsanity,0x0C7598,Conveyor Belt Room,Stomp and Double Jump and Pole Vault and Pole Climb,,Double Jump and Stomp and Pole Climb,,
Airport Infiltration,Airport Infiltration - C.Belt Room - 4th Floor Belts #3 - Coin,Coinsanity,0x0C75A8,Conveyor Belt Room,Stomp and Double Jump and Pole Vault and Pole Climb,,Double Jump and Stomp and Pole Climb,,
Airport Infiltration,Airport Infiltration - C.Belt Room - 4th Floor Belts #4 - Coin,Coinsanity,0x0C75B8,Conveyor Belt Room,Stomp and Double Jump and Pole Vault and Pole Climb,,Double Jump and Stomp and Pole Climb,,
Airport Infiltration,Airport Infiltration - C.Belt Room - Top SE Corner Light - Coin,Coinsanity,0x0C75C8,Conveyor Belt Room,Stomp and Double Jump and Pole Vault and Pole Climb,,Double Jump and Stomp and Pole Climb,,
Airport Infiltration,Airport Infiltration - C.Belt Room - 5th Floor Belts #1 - Coin,Coinsanity,0x0C75D8,Conveyor Belt Room,Stomp and Double Jump and Pole Vault and Pole Climb and (Rope Sliding or Ledge Grab),,Double Jump and Stomp and Ledge Grab and Pole Climb,,
Airport Infiltration,Airport Infiltration - C.Belt Room - 5th Floor Belts #2 - Coin,Coinsanity,0x0C7608,Conveyor Belt Room,Stomp and Double Jump and Pole Vault and Pole Climb and (Rope Sliding or Ledge Grab),,Double Jump and Stomp and Ledge Grab and Pole Climb,,
Airport Infiltration,Airport Infiltration - C.Belt Room - 5th Floor Belts #3 - Coin,Coinsanity,0x0C7618,Conveyor Belt Room,Stomp and Double Jump and Pole Vault and Pole Climb and (Rope Sliding or Ledge Grab),,Double Jump and Stomp and Ledge Grab and Pole Climb,,
Airport Infiltration,Airport Infiltration - Luggage Room - Near Top of Luggage - Coin,Coinsanity,0x0C7758,Luggage Room,Stomp and Double Jump and Pole Vault and Hover Boots,,Double Jump and Stomp and Hover Boots,,
Airport Infiltration,Hamm's 50 Coins Token - Airport Infiltration,Base AP,,,Stomp and Double Jump and Pole Vault and Pole Climb,,Double Jump and Stomp,,50 Coins and Ledge Grab if Coinsanity is off
Airport Infiltration,Missing Toys Token - Airport Infiltration,Base AP,,,Stomp and Double Jump and Pole Vault,,Double Jump and Stomp,,5 Missing Toys
Airport Infiltration,Race Token - Airport Infiltration,Base AP,,,Stomp and Double Jump and Pole Vault and Ledge Grab,,Double Jump and Stomp and Ledge Grab,,
Airport Infiltration,Hidden Token - Airport Infiltration,Base AP,,,Stomp and Double Jump and Pole Vault and Ledge Grab and Pole Climb and Hover Boots,,Stomp and Double Jump and Ledge Grab and Pole Climb,,
Airport Infiltration,Boss Token - Airport Infiltration,Base AP,,,Stomp and Double Jump and Pole Vault and Hover Boots,,Double Jump and Stomp and Hover Boots,,
Airport Infiltration,Passenger Tike (Near Start) - Airport Infiltration,Base AP,,,Stomp and Double Jump and Pole Vault,,Double Jump and Stomp,,
Airport Infiltration,Passenger Tike (Top of Conveyor Belts) - Airport Infiltration,Base AP,,,Stomp and Double Jump and Pole Vault and Pole Climb and (Rope Sliding or Ledge Grab),,Double Jump and Stomp and Pole Climb and Ledge Grab,,
Airport Infiltration,Passenger Tike (Near Boss Arena) - Airport Infiltration,Base AP,,,Stomp and Double Jump and Pole Vault and Pole Climb and Rope Sliding and Hover Boots,,Double Jump and Stomp and Pole Climb and Rope Sliding and Hover Boots,,
Airport Infiltration,Passenger Tike (Top of Jet) - Airport Infiltration,Base AP,,,Stomp and Double Jump and Pole Vault and Ledge Grab and Pole Climb,,Double Jump and Stomp and Ledge Grab,,
Airport Infiltration,Passenger Tike (Scaffolding) - Airport Infiltration,Base AP,,,Stomp and Double Jump and Pole Vault and Ledge Grab and Pole Climb,Stomp and Double Jump and Pole Vault and Ledge Grab,Stomp and Double Jump and Ledge Grab,,
Airport Infiltration,Missing Mouth,Base AP,,,Stomp and Double Jump and Pole Vault and Push and Ledge Grab,,Double Jump and Stomp and Ledge Grab,,
Airport Infiltration,Give Potato Head His Mouth,Base AP,,,Stomp and Double Jump and Pole Vault,,Double Jump and Stomp,,Missing Mouth
Airport Infiltration,Green Laser - Airport Infiltration,Green Laser Sanity,,,Stomp and Double Jump and Pole Vault,,Double Jump and Stomp,,
Airport Infiltration,Battery (Luggage Pile) - Airport Infiltration,Batterysanity,,,Stomp and Double Jump and Pole Vault,,Double Jump and Stomp and Pole Climb,,
Airport Infiltration,Battery (Near Hidden Token) - Airport Infiltration,Batterysanity,,,Stomp and Double Jump and Pole Vault and Ledge Grab and Pole Climb and Hover Boots,,Stomp and Double Jump and Ledge Grab and Pole Climb,,
Airport Infiltration,Battery (Boss Arena) - Airport Infiltration,Batterysanity,,,Stomp and Double Jump and Pole Vault and Hover Boots,,Double Jump and Stomp and Hover Boots,,
Airport Infiltration,Talk to Rex - Airport Infiltration,Rexsanity,,,Stomp and Double Jump and Pole Vault,,Double Jump and Stomp,,
Tarmac Trouble,Tarmac Trouble - Zone 2 - Rex Cart - Coin,Coinsanity,0x0C7488,Zone 2,Double Jump and Ledge Grab,(always),,,
Tarmac Trouble,Tarmac Trouble - Zone 2 - Rex-less Cart - Coin,Coinsanity,0x0C7478,Zone 2,Double Jump and Ledge Grab,(always),,,
Tarmac Trouble,Tarmac Trouble - Zone 4 - At Start - Coin,Coinsanity,0x0C7698,Zone 4,,,,,
Tarmac Trouble,Tarmac Trouble - Zone 4 - Middle - Coin,Coinsanity,0x0C76A8,Zone 4,,,,,
Tarmac Trouble,Tarmac Trouble - Zone 4 - By Luggage - Coin,Coinsanity,0x0C76B8,Zone 4,,,,,
Tarmac Trouble,Tarmac Trouble - Plane Road - #1 (Zone 4) - Coin,Coinsanity,0x0C74B8,Zone 4,,,,,
Tarmac Trouble,Tarmac Trouble - Plane Road - #2 (Zone 4) - Coin,Coinsanity,0x0C74C8,Zone 4,,,,,
Tarmac Trouble,Tarmac Trouble - Plane Road - #3 (Zone 4) - Coin,Coinsanity,0x0C74D8,Zone 4,,,,,
Tarmac Trouble,Tarmac Trouble - Plane Road - #4 (Zone 5) - Coin,Coinsanity,0x0C74E8,Zone 5,,,,,
Tarmac Trouble,Tarmac Trouble - Plane Road - #5 (Zone 6) - Coin,Coinsanity,0x0C74F8,Zone 6,,,,,
Tarmac Trouble,Tarmac Trouble - Plane Road - #6 (Zone 6) - Coin,Coinsanity,0x0C7508,Zone 6,,,,,
Tarmac Trouble,Tarmac Trouble - Plane Road - #7 (Zone 6) - Coin,Coinsanity,0x0C7518,Zone 6,,,,,
Tarmac Trouble,Tarmac Trouble - Plane Road - #8 (Zone 7) - Coin,Coinsanity,0x0C7528,Zone 7,,,,,
Tarmac Trouble,Tarmac Trouble - Plane Road - #9 (Zone 8) - Coin,Coinsanity,0x0C7538,Zone 8,,,,,
Tarmac Trouble,Tarmac Trouble - Plane Road - #10 (Zone 8) - Coin,Coinsanity,0x0C7548,Zone 8,,,,,
Tarmac Trouble,Tarmac Trouble - Plane Road - #11 (Zone 8) - Coin,Coinsanity,0x0C7558,Zone 8,,,,,
Tarmac Trouble,Tarmac Trouble - Plane Road - #12 (Zone 1) - Coin,Coinsanity,0x0C7568,Zone 1,,,,,
Tarmac Trouble,Tarmac Trouble - Plane Road - #13 (Zone 2) - Coin,Coinsanity,0x0C7578,Zone 2,,,,,
Tarmac Trouble,Tarmac Trouble - Plane Road - #14 (Zone 2) - Coin,Coinsanity,0x0C7588,Zone 2,,,,,
Tarmac Trouble,Tarmac Trouble - Plane Road - #15 (Zone 3) - Coin,Coinsanity,0x0C7498,Zone 3,,,,,
Tarmac Trouble,Tarmac Trouble - Plane Road - #16 (Zone 3) - Coin,Coinsanity,0x0C74A8,Zone 3,,,,,
Tarmac Trouble,Tarmac Trouble - Slime Maze - #1 - Coin,Coinsanity,0x0C7768,Center,,,,,
Tarmac Trouble,Tarmac Trouble - Slime Maze - #2 - Coin,Coinsanity,0x0C7778,Center,,,,,
Tarmac Trouble,Tarmac Trouble - Slime Maze - #3 - Coin,Coinsanity,0x0C7788,Center,,,,,
Tarmac Trouble,Tarmac Trouble - Zone 3 - Near Slime - Coin,Coinsanity,0x0C7688,Zone 3,,,,,
Tarmac Trouble,Tarmac Trouble - Zone 3 - Near Tikes - Coin,Coinsanity,0x0C7678,Zone 3,,,,,
Tarmac Trouble,Tarmac Trouble - Zone 3 - Near Zone 2 - Coin,Coinsanity,0x0C7668,Zone 3,,,,,
Tarmac Trouble,Tarmac Trouble - Zone 5 - Near Zone 4 - Coin,Coinsanity,0x0C76C8,Zone 5,,,,,
Tarmac Trouble,Tarmac Trouble - Zone 5 - Near Hamm - Coin,Coinsanity,0x0C76D8,Zone 5,,,,,
Tarmac Trouble,Tarmac Trouble - Zone 5 - Near Zone 6 - Coin,Coinsanity,0x0C76E8,Zone 5,,,,,
Tarmac Trouble,Tarmac Trouble - Zone 6 - Near Slime - Coin,Coinsanity,0x0C76F8,Zone 6,,,,,
Tarmac Trouble,Tarmac Trouble - Zone 6 - Middle - Coin,Coinsanity,0x0C7708,Zone 6,,,,,
Tarmac Trouble,Tarmac Trouble - Zone 6 - Behind to Conveyor Belt - Coin,Coinsanity,0x0C7718,Zone 6,,,,,
Tarmac Trouble,Tarmac Trouble - Zone 7 - Ground Near Zone 6 - Coin,Coinsanity,0x0C7728,Zone 7,,,,,
Tarmac Trouble,Tarmac Trouble - Zone 7 - Ground Near Zone 8 - Coin,Coinsanity,0x0C7738,Zone 7,,,,,
Tarmac Trouble,Tarmac Trouble - Zone 8 - Middle - Coin,Coinsanity,0x0C7748,Zone 8,,,,,
Tarmac Trouble,Tarmac Trouble - Zone 8 - Near Zone 1 - Coin,Coinsanity,0x0C7758,Zone 8,,,,,
Tarmac Trouble,Tarmac Trouble - Zone 4 - Gunman #1 - Coin,Coinsanity,0x0C2F1A,Zone 4,Laser or Spin or Stomp,,,,
Tarmac Trouble,Tarmac Trouble - Zone 4 - Gunman #2 - Coin,Coinsanity,0x0C2FB2,Zone 4,Laser or Spin or Stomp,,,,
Tarmac Trouble,Tarmac Trouble - Zone 5 - Vulture #1 - Coin,Coinsanity,0x0C304A,Zone 5,Laser or Spin or Stomp,,,,
Tarmac Trouble,Tarmac Trouble - Zone 4 - Vulture - Coin,Coinsanity,0x0C3CC2,Zone 4,Laser or Spin or Stomp,,,,
Tarmac Trouble,Tarmac Trouble - Zone 4 - Snake - Coin,Coinsanity,0x0C42B2,Zone 4,Laser or Spin or Stomp,,,,
Tarmac Trouble,Tarmac Trouble - Zone 5 - Gunman #1 - Coin,Coinsanity,0x0C4052,Zone 5,Laser or Spin or Stomp,,,,
Tarmac Trouble,Tarmac Trouble - Zone 5 - Gunman #2 - Coin,Coinsanity,0x0C30E2,Zone 5,Laser or Spin or Stomp,,,,
Tarmac Trouble,Tarmac Trouble - Zone 6 - Snake #1 - Coin,Coinsanity,0x0C421A,Zone 6,Laser or Spin or Stomp,,,,
Tarmac Trouble,Tarmac Trouble - Zone 6 - Snake #2 - Coin,Coinsanity,0x0C3342,Zone 6,Laser or Spin or Stomp,,,,
Tarmac Trouble,Tarmac Trouble - Zone 6 - Snake #3 - Coin,Coinsanity,0x0C32AA,Zone 6,Laser or Spin or Stomp,,,,
Tarmac Trouble,Tarmac Trouble - Zone 6 - Vulture #1 - Coin,Coinsanity,0x0C317A,Zone 6,Laser or Spin or Stomp,,,,
Tarmac Trouble,Tarmac Trouble - Zone 6 - Vulture #2 - Coin,Coinsanity,0x0C3212,Zone 6,Laser or Spin or Stomp,,,,
Tarmac Trouble,Tarmac Trouble - Zone 6 - Vulture #3 - Coin,Coinsanity,0x0C3DF2,Zone 6,Laser or Spin or Stomp,,,,
Tarmac Trouble,Tarmac Trouble - Zone 6 - Snake #4 - Coin,Coinsanity,0x0C4182,Zone 6,Laser or Spin or Stomp,,,,
Tarmac Trouble,Tarmac Trouble - Zone 6 - Gunman - Coin,Coinsanity,0x0C33DA,Zone 6,Laser or Spin or Stomp,,,,
Tarmac Trouble,Tarmac Trouble - Zone 7 - Gunman - Coin,Coinsanity,0x0C3FBA,Zone 7,Laser or Spin or Stomp,,,,
Tarmac Trouble,Tarmac Trouble - Zone 7 - Vulture - Coin,Coinsanity,0x0C3472,Zone 7,Laser or Spin or Stomp,,,,
Tarmac Trouble,Tarmac Trouble - Zone 8 - Gunman #1 - Coin,Coinsanity,0x0C350A,Zone 8,Laser or Spin or Stomp,,,,
Tarmac Trouble,Tarmac Trouble - Zone 8 - Gunman #2 - Coin,Coinsanity,0x0C35A2,Zone 8,Laser or Spin or Stomp,,,,
Tarmac Trouble,Tarmac Trouble - Zone 8 - Gunman #3 - Coin,Coinsanity,0x0C3802,Zone 8,Laser or Spin or Stomp,,,,
Tarmac Trouble,Tarmac Trouble - Zone 8 - Vulture #1 - Coin,Coinsanity,0x0C36D2,Zone 8,Laser or Spin or Stomp,,,,
Tarmac Trouble,Tarmac Trouble - Zone 8 - Vulture #2 - Coin,Coinsanity,0x0C3D5A,Zone 8,Laser or Spin or Stomp,,,,
Tarmac Trouble,Tarmac Trouble - Zone 8 - Snake #1 - Coin,Coinsanity,0x0C4512,Zone 8,Laser or Spin or Stomp,,,,
Tarmac Trouble,Tarmac Trouble - Zone 8 - Snake #2 - Coin,Coinsanity,0x0C447A,Zone 8,Laser or Spin or Stomp,,,,
Tarmac Trouble,Tarmac Trouble - Zone 8 - Snake #3 - Coin,Coinsanity,0x0C363A,Zone 8,Laser or Spin or Stomp,,,,
Tarmac Trouble,Tarmac Trouble - Zone 1 - Vulture - Coin,Coinsanity,0x0C376A,Zone 1,Laser or Spin or Stomp,,,,
Tarmac Trouble,Tarmac Trouble - Zone 1 - Gunman #1 - Coin,Coinsanity,0x0C389A,Zone 1,Laser or Spin or Stomp,,,,
Tarmac Trouble,Tarmac Trouble - Zone 1 - Gunman #2 - Coin,Coinsanity,0x0C40EA,Zone 1,Laser or Spin or Stomp,,,,
Tarmac Trouble,Tarmac Trouble - Zone 2 - Vulture #1 - Coin,Coinsanity,0x0C3932,Zone 2,Laser or Spin or Stomp,,,,
Tarmac Trouble,Tarmac Trouble - Zone 2 - Vulture #2 - Coin,Coinsanity,0x0C39CA,Zone 2,Laser or Spin or Stomp,,,,
Tarmac Trouble,Tarmac Trouble - Zone 2 - Vulture #3 - Coin,Coinsanity,0x0C3E8A,Zone 2,Laser or Spin or Stomp,,,,
Tarmac Trouble,Tarmac Trouble - Zone 2 - Snake #1 - Coin,Coinsanity,0x0C3A62,Zone 2,Laser or Spin or Stomp,,,,
Tarmac Trouble,Tarmac Trouble - Zone 2 - Snake #2 - Coin,Coinsanity,0x0C3AFA,Zone 2,Laser or Spin or Stomp,,,,
Tarmac Trouble,Tarmac Trouble - Zone 2 - Snake #3 - Coin,Coinsanity,0x0C43E2,Zone 2,Laser or Spin or Stomp,,,,
Tarmac Trouble,Tarmac Trouble - Zone 3 - Snake - Coin,Coinsanity,0x0C434A,Zone 3,Laser or Spin or Stomp,,,,
Tarmac Trouble,Tarmac Trouble - Zone 3 - Vulture #1 - Coin,Coinsanity,0x0C3C2A,Zone 3,Laser or Spin or Stomp,,,,
Tarmac Trouble,Tarmac Trouble - Zone 3 - Vulture #2 - Coin,Coinsanity,0x0C3B92,Zone 3,Laser or Spin or Stomp,,,,
Tarmac Trouble,Tarmac Trouble - Zone 3 - Gunman - Coin,Coinsanity,0x0C3F22,Zone 3,Laser or Spin or Stomp,,,,
Tarmac Trouble,Tarmac Trouble - Zone 7 - Near Satellite Dish - Coin,Coinsanity,0x0C75C8,Zone 7,Pole Climb and Double Jump,,,,
Tarmac Trouble,Tarmac Trouble - Zone 7 - Boss Arena #1 - Coin,Coinsanity,0x0C75D8,Zone 7,Pole Climb and Double Jump,,,,
Tarmac Trouble,Tarmac Trouble - Zone 7 - Boss Arena #2 - Coin,Coinsanity,0x0C75E8,Zone 7,Pole Climb and Double Jump,,,,
Tarmac Trouble,Tarmac Trouble - Zone 7 - Boss Arena #3 - Coin,Coinsanity,0x0C75F8,Zone 7,Pole Climb and Double Jump,,,,
Tarmac Trouble,Tarmac Trouble - Zone 7 - Boss Arena #4 - Coin,Coinsanity,0x0C7608,Zone 7,Pole Climb and Double Jump,,,,
Tarmac Trouble,Tarmac Trouble - Zone 1 - Step to Helipad - Coin,Coinsanity,0x0C7598,Zone 1,Pole Climb and Double Jump and (Rope Sliding or Ledge Grab),,,,
Tarmac Trouble,Tarmac Trouble - Zone 1 - Helipad #1 - Coin,Coinsanity,0x0C75A8,Zone 1,Pole Climb and Double Jump and Ledge Grab,,,,
Tarmac Trouble,Tarmac Trouble - Zone 1 - Helipad #2 - Coin,Coinsanity,0x0C75B8,Zone 1,Pole Climb and Double Jump and Ledge Grab,,,,
Tarmac Trouble,Tarmac Trouble - Zone 1 - Helipad #3 - Coin,Coinsanity,0x0C7658,Zone 1,Pole Climb and Double Jump and Ledge Grab,,,,
Tarmac Trouble,Tarmac Trouble - Zone 1 - Helipad #4 - Coin,Coinsanity,0x0C7618,Zone 1,Pole Climb and Double Jump and Ledge Grab,,,,
Tarmac Trouble,Tarmac Trouble - Zone 1 - Helipad #5 - Coin,Coinsanity,0x0C7628,Zone 1,Pole Climb and Double Jump and Ledge Grab,,,,
Tarmac Trouble,Tarmac Trouble - Zone 1 - Helipad #6 - Coin,Coinsanity,0x0C7638,Zone 1,Pole Climb and Double Jump and Ledge Grab,,,,
Tarmac Trouble,Tarmac Trouble - Zone 1 - Helipad #7 - Coin,Coinsanity,0x0C7648,Zone 1,Pole Climb and Double Jump and Ledge Grab,,,,
Tarmac Trouble,Hamm's 50 Coins Token - Tarmac Trouble,Base AP,,,,,,,50 Coins
Tarmac Trouble,Missing Toys Token - Tarmac Trouble,Base AP,,,,,,,5 Missing Toys
Tarmac Trouble,Race Token - Tarmac Trouble,Base AP,,,,,,,
Tarmac Trouble,Hidden Token - Tarmac Trouble,Base AP,,,Double Jump and Ledge Grab and Pole Climb and Stomp,,,,
Tarmac Trouble,Boss Token - Tarmac Trouble,Base AP,,,Pole Climb and Double Jump and (Spin or Stomp),,,,
Tarmac Trouble,Luggage (Top of Plane) - Tarmac Trouble,Base AP,,,Pole Climb,,,,
Tarmac Trouble,Luggage (Zone 2 Cart) - Tarmac Trouble,Base AP,,,Double Jump and Ledge Grab and Pole Climb,(always),,,
Tarmac Trouble,Luggage (Zone 8) - Tarmac Trouble,Base AP,,,Pole Climb,,,,
Tarmac Trouble,Luggage (Zone 6 Conveyor Belt) - Tarmac Trouble,Base AP,,,Pole Climb,,,,
Tarmac Trouble,Luggage (Zone 4) - Tarmac Trouble,Base AP,,,,,,,
Tarmac Trouble,Life (Zone 6) - Tarmac Trouble,Lifesanity,,,Pole Climb,,,,
Tarmac Trouble,Green Laser - Tarmac Trouble,Green Laser Sanity,,,,,,,
Tarmac Trouble,Battery (Road Opposite Zone 8) - Tarmac Trouble,Batterysanity,,,,,,,
Tarmac Trouble,Battery (Helicopter Pad) - Tarmac Trouble,Batterysanity,,,Double Jump and Ledge Grab and Pole Climb,,,,
Tarmac Trouble,Battery (Zone 3) - Tarmac Trouble,Batterysanity,,,,,,,
Tarmac Trouble,Battery (Green Slime Maze) - Tarmac Trouble,Batterysanity,,,,,,,
Tarmac Trouble,Battery (Boss Arena) - Tarmac Trouble,Batterysanity,,,Pole Climb and Double Jump,,,,
Tarmac Trouble,Talk to Rex - Tarmac Trouble,Rexsanity,,,Double Jump and Ledge Grab,(always),,,
Tarmac Trouble,Tarmac Trouble - Hint Block (Light Puzzle),Hint Block Sanity,,,Pole Climb and Double Jump,,,,
Bombs Away!,Defeat Bomb's Away! - Reward 1,Base AP,,,Laser or Spin or Stomp,,,,
Bombs Away!,Defeat Bomb's Away! - Reward 2,Base AP,,,Laser or Spin or Stomp,,,,
Bombs Away!,Battery (Back Right) - Bombs Away!,Batterysanity,,,,,,,
Bombs Away!,Battery (Back Left) - Bombs Away!,Batterysanity,,,,,,,
Bombs Away!,Battery (Front Left) - Bombs Away!,Batterysanity,,,,,,,
Bombs Away!,Battery (Front Right) - Bombs Away!,Batterysanity,,,,,,,
Toy Barn Encounter,Defeat Toy Barn Encounter - Reward 1,Base AP,,,Spin or (Stomp and Laser),,,,
Toy Barn Encounter,Defeat Toy Barn Encounter - Reward 2,Base AP,,,Spin or (Stomp and Laser),,,,
Toy Barn Encounter,Battery (South) - Toy Barn Encounter,Batterysanity,,,,,,,
Toy Barn Encounter,Battery (North) - Toy Barn Encounter,Batterysanity,,,,,,,
Toy Barn Encounter,Battery (East) - Toy Barn Encounter,Batterysanity,,,,,,,
Toy Barn Encounter,Battery (West) - Toy Barn Encounter,Batterysanity,,,,,,,
Slime Time,Defeat Slime Time - Reward 1,Base AP,,,Laser,,,,
Slime Time,Defeat Slime Time - Reward 2,Base AP,,,Laser,,,,
Slime Time,Green Laser - Slime Time,Green Laser Sanity,,,Laser,,,,
The Evil Emperor Zurg,Defeat The Evil Emperor Zurg - Reward 1,Base AP,,,Spin,,,,
The Evil Emperor Zurg,Defeat The Evil Emperor Zurg - Reward 2,Base AP,,,Spin,,,,
Prospector Showdown,Defeat Prospector Showdown - GOAL,Base AP,,,Stomp or Spin,,,,